location,month,year,SO2 μg/l,NO2μg/l,PM10 μg/l,PM2.5 μ g/l,CO μg/l,O3 μ g/l 8 HR,NH3  μ g/l,AQI,Air Quality
CLOCK TOWER-DEHRADUN,1,2012,27.33,30.33,193.28,60,2,100,400,162.19,Moderate
CLOCK TOWER-DEHRADUN,2,2012,25.68,25.80,173.77,60,2,100,400,149.18,Moderate
CLOCK TOWER-DEHRADUN,3,2012,29.64,27.50,211.35,60,2,100,400,174.23,Moderate
CLOCK TOWER-DEHRADUN,4,2012,28.64,26.81,230.76,60,2,100,400,187.17,Moderate
CLOCK TOWER-DEHRADUN,5,2012,31.09,29.30,310.73,60,2,100,400,260.73,Poor
CLOCK TOWER-DEHRADUN,6,2012,28.73,30.62,200.61,60,2,100,400,167.07,Moderate
CLOCK TOWER-DEHRADUN,7,2012,27.55,30.06,129.22,60,2,100,400,119.48,Moderate
CLOCK TOWER-DEHRADUN,8,2012,23.04,26.00,78.19,60,2,100,400,100.00,Satisfactory
CLOCK TOWER-DEHRADUN,9,2012,22.22,25.40,108.37,60,2,100,400,105.58,Moderate
CLOCK TOWER-DEHRADUN,10,2012,24.40,28.79,21.83,60,2,100,400,100.00,Satisfactory
CLOCK TOWER-DEHRADUN,11,2012,25.15,29.23,153.67,60,2,100,400,135.78,Moderate
CLOCK TOWER-DEHRADUN,12,2012,25.40,29.24,214.04,60,2,100,400,176.03,Moderate
CLOCK TOWER-DEHRADUN,1,2013,80.00,80.00,100.00,60,2,100,400,100.00,Satisfactory
CLOCK TOWER-DEHRADUN,2,2013,80.00,80.00,100.00,60,2,100,400,100.00,Satisfactory
CLOCK TOWER-DEHRADUN,3,2013,80.00,80.00,100.00,60,2,100,400,100.00,Satisfactory
CLOCK TOWER-DEHRADUN,4,2013,24.20,28.10,114.70,60,2,100,400,109.80,Moderate
CLOCK TOWER-DEHRADUN,5,2013,26.00,28.10,148.40,60,2,100,400,132.27,Moderate
CLOCK TOWER-DEHRADUN,6,2013,24.10,26.40,156.00,60,2,100,400,137.33,Moderate
CLOCK TOWER-DEHRADUN,7,2013,21.80,24.30,97.90,60,2,100,400,100.00,Satisfactory
CLOCK TOWER-DEHRADUN,8,2013,20.50,22.20,125.80,60,2,100,400,117.20,Moderate
CLOCK TOWER-DEHRADUN,9,2013,22.10,23.30,118.00,60,2,100,400,112.00,Moderate
CLOCK TOWER-DEHRADUN,10,2013,25.00,29.80,117.00,60,2,100,400,111.33,Moderate
CLOCK TOWER-DEHRADUN,11,2013,25.70,29.80,131.30,60,2,100,400,120.87,Moderate
CLOCK TOWER-DEHRADUN,12,2013,26.30,29.80,185.90,60,2,100,400,157.27,Moderate
CLOCK TOWER-DEHRADUN,1,2014,25.86,29.61,183.05,60,2,100,400,155.37,Moderate
CLOCK TOWER-DEHRADUN,2,2014,25.50,29.64,150.88,60,2,100,400,133.92,Moderate
CLOCK TOWER-DEHRADUN,3,2014,25.60,29.65,115.85,60,2,100,400,110.57,Moderate
CLOCK TOWER-DEHRADUN,4,2014,26.24,30.00,162.71,60,2,100,400,141.81,Moderate
CLOCK TOWER-DEHRADUN,5,2014,26.61,29.87,150.30,60,2,100,400,133.53,Moderate
CLOCK TOWER-DEHRADUN,6,2014,25.19,29.14,162.90,60,2,100,400,141.93,Moderate
CLOCK TOWER-DEHRADUN,7,2014,24.48,26.35,145.62,60,2,100,400,130.41,Moderate
CLOCK TOWER-DEHRADUN,8,2014,26.75,29.00,130.55,60,2,100,400,120.37,Moderate
CLOCK TOWER-DEHRADUN,9,2014,26.12,29.22,129.64,60,2,100,400,119.76,Moderate
CLOCK TOWER-DEHRADUN,10,2014,25.59,29.51,160.42,60,2,100,400,140.28,Moderate
CLOCK TOWER-DEHRADUN,11,2014,25.51,26.60,154.76,60,2,100,400,136.51,Moderate
CLOCK TOWER-DEHRADUN,12,2014,26.00,30.17,183.66,60,2,100,400,155.77,Moderate
CLOCK TOWER-DEHRADUN,1,2015,26.40,31.43,196.19,60,2,100,400,164.13,Moderate
CLOCK TOWER-DEHRADUN,2,2015,26.00,30.11,152.39,60,2,100,400,134.93,Moderate
CLOCK TOWER-DEHRADUN,3,2015,26.97,29.71,163.84,60,2,100,400,142.56,Moderate
CLOCK TOWER-DEHRADUN,4,2015,27.11,29.86,149.47,60,2,100,400,132.98,Moderate
CLOCK TOWER-DEHRADUN,5,2015,27.23,30.34,196.71,60,2,100,400,164.47,Moderate
CLOCK TOWER-DEHRADUN,6,2015,27.24,30.90,141.37,60,2,100,400,127.58,Moderate
CLOCK TOWER-DEHRADUN,7,2015,26.40,29.89,125.82,60,2,100,400,117.21,Moderate
CLOCK TOWER-DEHRADUN,8,2015,26.06,29.78,110.11,60,2,100,400,106.74,Moderate
CLOCK TOWER-DEHRADUN,9,2015,26.69,29.39,147.84,60,2,100,400,131.89,Moderate
CLOCK TOWER-DEHRADUN,10,2015,26.38,29.37,146.53,60,2,100,400,131.02,Moderate
CLOCK TOWER-DEHRADUN,11,2015,25.75,29.06,189.83,60,2,100,400,159.89,Moderate
CLOCK TOWER-DEHRADUN,12,2015,25.61,29.22,221.49,60,2,100,400,180.99,Moderate
CLOCK TOWER-DEHRADUN,1,2016,25.38,29.38,226.92,60,2,100,400,184.61,Moderate
CLOCK TOWER-DEHRADUN,2,2016,25.17,29.10,187.88,60,2,100,400,158.59,Moderate
CLOCK TOWER-DEHRADUN,3,2016,24.92,29.30,194.92,60,2,100,400,163.28,Moderate
CLOCK TOWER-DEHRADUN,4,2016,25.06,29.96,209.79,60,2,100,400,173.19,Moderate
CLOCK TOWER-DEHRADUN,5,2016,25.14,29.30,160.17,60,2,100,400,140.11,Moderate
CLOCK TOWER-DEHRADUN,6,2016,24.08,27.06,141.80,60,2,100,400,127.87,Moderate
CLOCK TOWER-DEHRADUN,7,2016,80.00,80.00,100.00,60,2,100,400,100.00,Satisfactory
CLOCK TOWER-DEHRADUN,8,2016,24.30,28.47,142.18,60,2,100,400,128.12,Moderate
CLOCK TOWER-DEHRADUN,9,2016,25.66,27.86,153.45,60,2,100,400,135.63,Moderate
CLOCK TOWER-DEHRADUN,10,2016,25.62,27.77,175.79,60,2,100,400,150.53,Moderate
CLOCK TOWER-DEHRADUN,11,2016,26.00,28.59,186.22,60,2,100,400,157.48,Moderate
CLOCK TOWER-DEHRADUN,12,2016,25.07,28.49,201.52,60,2,100,400,167.68,Moderate
CLOCK TOWER-DEHRADUN,1,2017,24.75,27.58,162.36,60,2,100,400,141.57,Moderate
CLOCK TOWER-DEHRADUN,2,2017,25.27,28.25,164.99,60,2,100,400,143.33,Moderate
CLOCK TOWER-DEHRADUN,3,2017,26.51,30.18,214.96,60,2,100,400,176.64,Moderate
CLOCK TOWER-DEHRADUN,4,2017,26.84,31.11,239.69,60,2,100,400,193.13,Moderate
CLOCK TOWER-DEHRADUN,5,2017,25.24,28.78,230.90,60,2,100,400,187.27,Moderate
CLOCK TOWER-DEHRADUN,6,2017,25.68,28.68,244.91,60,2,100,400,196.61,Moderate
CLOCK TOWER-DEHRADUN,7,2017,24.85,27.90,170.81,60,2,100,400,147.21,Moderate
CLOCK TOWER-DEHRADUN,8,2017,23.43,28.13,120.00,60,2,100,400,113.33,Moderate
CLOCK TOWER-DEHRADUN,9,2017,24.06,28.02,157.00,60,2,100,400,138.00,Moderate
CLOCK TOWER-DEHRADUN,10,2017,23.11,26.40,178.92,60,2,100,400,152.61,Moderate
CLOCK TOWER-DEHRADUN,11,2017,80.00,80.00,194.16,60,2,100,400,162.77,Moderate
CLOCK TOWER-DEHRADUN,12,2017,80.00,80.00,206.31,60,2,100,400,170.87,Moderate
CLOCK TOWER-DEHRADUN,1,2018,80.00,80.00,198.04,60,2,100,400,165.36,Moderate
CLOCK TOWER-DEHRADUN,2,2018,80.00,80.00,201.47,60,2,100,400,167.65,Moderate
CLOCK TOWER-DEHRADUN,3,2018,80.00,80.00,219.31,60,2,100,400,179.54,Moderate
CLOCK TOWER-DEHRADUN,4,2018,80.00,80.00,193.29,60,2,100,400,162.19,Moderate
CLOCK TOWER-DEHRADUN,5,2018,80.00,80.00,206.70,60,2,100,400,171.13,Moderate
CLOCK TOWER-DEHRADUN,6,2018,80.00,80.00,256.64,60,2,100,400,206.64,Poor
CLOCK TOWER-DEHRADUN,7,2018,80.00,80.00,152.80,60,2,100,400,135.20,Moderate
CLOCK TOWER-DEHRADUN,8,2018,80.00,80.00,100.00,60,2,100,400,100.00,Satisfactory
CLOCK TOWER-DEHRADUN,9,2018,80.00,80.00,117.83,60,2,100,400,111.89,Moderate
CLOCK TOWER-DEHRADUN,10,2018,24.55,28.38,154.42,60,2,100,400,136.28,Moderate
CLOCK TOWER-DEHRADUN,11,2018,24.32,27.88,131.56,60,2,100,400,121.04,Moderate
CLOCK TOWER-DEHRADUN,12,2018,24.93,28.75,174.79,60,2,100,400,149.86,Moderate
CLOCK TOWER-DEHRADUN,1,2019,23.84,28.41,165.25,82.82,2,100,400,176.07,Moderate
CLOCK TOWER-DEHRADUN,2,2019,24.88,28.90,182.59,80.53,2,100,400,168.43,Moderate
CLOCK TOWER-DEHRADUN,3,2019,25.66,29.39,159.28,86.67,2,100,400,188.90,Moderate
CLOCK TOWER-DEHRADUN,4,2019,25.48,29.97,171.59,97.36,2,100,400,224.53,Poor
CLOCK TOWER-DEHRADUN,5,2019,26.06,29.87,185.26,104.56,2,100,400,248.53,Poor
CLOCK TOWER-DEHRADUN,6,2019,25.97,29.24,196.74,100.97,2,100,400,236.57,Poor
CLOCK TOWER-DEHRADUN,7,2019,25.73,28.66,174.77,60,2,100,400,149.85,Moderate
CLOCK TOWER-DEHRADUN,8,2019,24.43,28.36,167.28,60,2,100,400,144.85,Moderate
CLOCK TOWER-DEHRADUN,9,2019,24.05,27.66,143.58,60,2,100,400,129.05,Moderate
CLOCK TOWER-DEHRADUN,10,2019,24.43,28.65,174.01,94.01,2,100,400,213.37,Poor
CLOCK TOWER-DEHRADUN,11,2019,24.81,28.78,168.04,104.85,2,100,400,249.50,Poor
CLOCK TOWER-DEHRADUN,12,2019,23.47,28.14,167.04,93.64,2,100,400,212.13,Poor
CLOCK TOWER-DEHRADUN,1,2020,24.49,28.43,171.33,92.27,2,100,400,207.57,Poor
CLOCK TOWER-DEHRADUN,2,2020,25.12,29.28,191.10,91,2,100,400,203.33,Poor
CLOCK TOWER-DEHRADUN,3,2020,24.94,28.61,175.77,60,2,100,400,150.51,Moderate
CLOCK TOWER-DEHRADUN,4,2020,7.42,8.93,73.51,47.62,2,100,400,100.00,Satisfactory
CLOCK TOWER-DEHRADUN,5,2020,17.65,21.55,123.76,60,2,100,400,115.84,Moderate
CLOCK TOWER-DEHRADUN,6,2020,21.01,25.00,120.00,60,2,100,400,113.33,Moderate
CLOCK TOWER-DEHRADUN,7,2020,20.94,24.98,81.36,60,2,100,400,100.00,Satisfactory
CLOCK TOWER-DEHRADUN,8,2020,22.16,26.81,88.67,60,2,100,400,100.00,Satisfactory
CLOCK TOWER-DEHRADUN,9,2020,22.45,27.42,99.24,60,2,100,400,100.00,Satisfactory
CLOCK TOWER-DEHRADUN,10,2020,24.37,28.08,162.77,60,2,100,400,141.85,Moderate
CLOCK TOWER-DEHRADUN,11,2020,23.42,27.97,182.48,84.49,2,100,400,181.63,Moderate
CLOCK TOWER-DEHRADUN,12,2020,24.14,28.28,172.91,103.19,2,100,400,243.97,Poor
CLOCK TOWER-DEHRADUN,1,2021,24.23,28.53,173.27,100.29,2,100,400,234.30,Poor
CLOCK TOWER-DEHRADUN,2,2021,24.10,28.54,181.81,98.09,2,100,400,226.97,Poor
CLOCK TOWER-DEHRADUN,3,2021,22.31,27.22,217.42,107.3,2,100,400,257.67,Poor
CLOCK TOWER-DEHRADUN,4,2021,21.52,27.41,227.07,109.02,2,100,400,263.40,Poor
CLOCK TOWER-DEHRADUN,5,2021,19.73,23.89,125.62,71.53,2,100,400,138.43,Moderate
CLOCK TOWER-DEHRADUN,6,2021,20.97,24.08,122.85,72.76,2,100,400,142.53,Moderate
CLOCK TOWER-DEHRADUN,7,2021,21.58,23.48,149.86,76.03,2,100,400,153.43,Moderate
CLOCK TOWER-DEHRADUN,8,2021,21.71,24.73,119.54,99.49,2,100,400,231.63,Poor
CLOCK TOWER-DEHRADUN,9,2021,19.59,23.43,99.54,73.48,2,100,400,144.93,Moderate
CLOCK TOWER-DEHRADUN,10,2021,80.00,80.00,100.00,60,2,100,400,100.00,Satisfactory
CLOCK TOWER-DEHRADUN,11,2021,80.00,80.00,100.00,60,2,100,400,100.00,Satisfactory
CLOCK TOWER-DEHRADUN,12,2021,80.00,80.00,100.00,60,2,100,400,100.00,Satisfactory
RAIPUR ROAD DEHRADUN,1,2012,23.16,25.80,214.90,60,2,100,400,176.60,Moderate
RAIPUR ROAD DEHRADUN,2,2012,22.18,22.95,158.90,60,2,100,400,139.27,Moderate
RAIPUR ROAD DEHRADUN,3,2012,27.09,26.40,203.53,60,2,100,400,169.02,Moderate
RAIPUR ROAD DEHRADUN,4,2012,26.10,26.83,157.89,60,2,100,400,138.59,Moderate
RAIPUR ROAD DEHRADUN,5,2012,28.88,30.38,283.60,60,2,100,400,233.60,Poor
RAIPUR ROAD DEHRADUN,6,2012,28.52,30.15,172.70,60,2,100,400,148.47,Moderate
RAIPUR ROAD DEHRADUN,7,2012,23.31,25.00,102.88,60,2,100,400,101.92,Moderate
RAIPUR ROAD DEHRADUN,8,2012,22.21,24.40,67.95,60,2,100,400,100.00,Satisfactory
RAIPUR ROAD DEHRADUN,9,2012,23.19,25.69,121.78,60,2,100,400,114.52,Moderate
RAIPUR ROAD DEHRADUN,10,2012,25.35,29.35,136.22,60,2,100,400,124.15,Moderate
RAIPUR ROAD DEHRADUN,11,2012,26.05,29.80,182.40,60,2,100,400,154.93,Moderate
RAIPUR ROAD DEHRADUN,12,2012,25.29,29.51,163.72,60,2,100,400,142.48,Moderate
RAIPUR ROAD DEHRADUN,1,2013,80.00,80.00,100.00,60,2,100,400,100.00,Satisfactory
RAIPUR ROAD DEHRADUN,2,2013,80.00,80.00,100.00,60,2,100,400,100.00,Satisfactory
RAIPUR ROAD DEHRADUN,3,2013,80.00,80.00,100.00,60,2,100,400,100.00,Satisfactory
RAIPUR ROAD DEHRADUN,4,2013,25.50,27.60,154.00,60,2,100,400,136.00,Moderate
RAIPUR ROAD DEHRADUN,5,2013,26.00,28.60,159.30,60,2,100,400,139.53,Moderate
RAIPUR ROAD DEHRADUN,6,2013,24.75,26.90,136.30,60,2,100,400,124.20,Moderate
RAIPUR ROAD DEHRADUN,7,2013,22.13,24.30,104.06,60,2,100,400,102.71,Moderate
RAIPUR ROAD DEHRADUN,8,2013,20.70,21.90,109.90,60,2,100,400,106.60,Moderate
RAIPUR ROAD DEHRADUN,9,2013,21.56,23.10,96.25,60,2,100,400,100.00,Satisfactory
RAIPUR ROAD DEHRADUN,10,2013,25.50,29.50,105.20,60,2,100,400,103.47,Moderate
RAIPUR ROAD DEHRADUN,11,2013,25.40,29.40,111.20,60,2,100,400,107.47,Moderate
RAIPUR ROAD DEHRADUN,12,2013,25.21,29.10,133.14,60,2,100,400,122.09,Moderate
RAIPUR ROAD DEHRADUN,1,2014,24.95,28.70,161.52,60,2,100,400,141.01,Moderate
RAIPUR ROAD DEHRADUN,2,2014,25.20,29.37,122.56,60,2,100,400,115.04,Moderate
RAIPUR ROAD DEHRADUN,3,2014,26.16,30.83,152.10,60,2,100,400,134.73,Moderate
RAIPUR ROAD DEHRADUN,4,2014,27.24,29.83,156.65,60,2,100,400,137.77,Moderate
RAIPUR ROAD DEHRADUN,5,2014,26.33,29.46,154.33,60,2,100,400,136.22,Moderate
RAIPUR ROAD DEHRADUN,6,2014,25.74,29.43,153.79,60,2,100,400,135.86,Moderate
RAIPUR ROAD DEHRADUN,7,2014,26.29,28.41,99.28,60,2,100,400,100.00,Satisfactory
RAIPUR ROAD DEHRADUN,8,2014,25.58,28.12,133.64,60,2,100,400,122.43,Moderate
RAIPUR ROAD DEHRADUN,9,2014,25.99,28.76,111.60,60,2,100,400,107.73,Moderate
RAIPUR ROAD DEHRADUN,10,2014,26.88,30.08,150.42,60,2,100,400,133.61,Moderate
RAIPUR ROAD DEHRADUN,11,2014,27.39,30.00,157.26,60,2,100,400,138.17,Moderate
RAIPUR ROAD DEHRADUN,12,2014,26.28,29.60,188.26,60,2,100,400,158.84,Moderate
RAIPUR ROAD DEHRADUN,1,2015,26.27,30.00,177.33,60,2,100,400,151.55,Moderate
RAIPUR ROAD DEHRADUN,2,2015,26.18,29.38,166.66,60,2,100,400,144.44,Moderate
RAIPUR ROAD DEHRADUN,3,2015,80.00,80.00,100.00,60,2,100,400,100.00,Satisfactory
RAIPUR ROAD DEHRADUN,4,2015,26.62,29.78,143.12,60,2,100,400,128.75,Moderate
RAIPUR ROAD DEHRADUN,5,2015,27.14,30.49,153.92,60,2,100,400,135.95,Moderate
RAIPUR ROAD DEHRADUN,6,2015,26.97,30.25,145.20,60,2,100,400,130.13,Moderate
RAIPUR ROAD DEHRADUN,7,2015,27.87,30.83,126.61,60,2,100,400,117.74,Moderate
RAIPUR ROAD DEHRADUN,8,2015,26.29,30.24,142.17,60,2,100,400,128.11,Moderate
RAIPUR ROAD DEHRADUN,9,2015,26.02,27.66,130.76,60,2,100,400,120.51,Moderate
RAIPUR ROAD DEHRADUN,10,2015,25.76,28.45,144.84,60,2,100,400,129.89,Moderate
RAIPUR ROAD DEHRADUN,11,2015,25.39,29.11,199.22,60,2,100,400,166.15,Moderate
RAIPUR ROAD DEHRADUN,12,2015,25.20,28.71,179.08,60,2,100,400,152.72,Moderate
RAIPUR ROAD DEHRADUN,1,2016,25.22,29.23,219.50,60,2,100,400,179.67,Moderate
RAIPUR ROAD DEHRADUN,2,2016,26.08,29.96,235.10,60,2,100,400,190.07,Moderate
RAIPUR ROAD DEHRADUN,3,2016,26.42,29.63,236.60,60,2,100,400,191.07,Moderate
RAIPUR ROAD DEHRADUN,4,2016,27.65,30.73,377.76,60,2,100,400,642.76,Severe
RAIPUR ROAD DEHRADUN,5,2016,26.99,29.42,298.34,60,2,100,400,248.34,Poor
RAIPUR ROAD DEHRADUN,6,2016,26.16,28.77,483.18,60,2,100,400,100.00,Satisfactory
RAIPUR ROAD DEHRADUN,7,2016,24.82,27.60,164.00,60,2,100,400,142.67,Moderate
RAIPUR ROAD DEHRADUN,8,2016,25.22,28.13,174.30,60,2,100,400,149.53,Moderate
RAIPUR ROAD DEHRADUN,9,2016,25.23,28.31,189.42,60,2,100,400,159.61,Moderate
RAIPUR ROAD DEHRADUN,10,2016,26.10,28.10,206.18,60,2,100,400,170.79,Moderate
RAIPUR ROAD DEHRADUN,11,2016,26.59,29.14,190.81,60,2,100,400,160.54,Moderate
RAIPUR ROAD DEHRADUN,12,2016,24.61,29.20,167.59,60,2,100,400,145.06,Moderate
RAIPUR ROAD DEHRADUN,1,2017,23.32,27.89,174.79,60,2,100,400,149.86,Moderate
RAIPUR ROAD DEHRADUN,2,2017,25.52,28.18,191.82,60,2,100,400,161.21,Moderate
RAIPUR ROAD DEHRADUN,3,2017,27.00,29.54,216.13,60,2,100,400,177.42,Moderate
RAIPUR ROAD DEHRADUN,4,2017,28.16,30.67,225.85,60,2,100,400,183.90,Moderate
RAIPUR ROAD DEHRADUN,5,2017,27.47,30.59,297.19,60,2,100,400,247.19,Poor
RAIPUR ROAD DEHRADUN,6,2017,26.80,28.43,255.97,60,2,100,400,205.97,Poor
RAIPUR ROAD DEHRADUN,7,2017,24.65,27.81,156.76,60,2,100,400,137.84,Moderate
RAIPUR ROAD DEHRADUN,8,2017,24.71,28.06,150.93,60,2,100,400,133.95,Moderate
RAIPUR ROAD DEHRADUN,9,2017,24.68,29.00,179.87,60,2,100,400,153.25,Moderate
RAIPUR ROAD DEHRADUN,10,2017,80.00,28.32,332.20,60,2,100,400,282.20,Poor
RAIPUR ROAD DEHRADUN,11,2017,80.00,80.00,254.25,60,2,100,400,204.25,Poor
RAIPUR ROAD DEHRADUN,12,2017,80.00,80.00,248.70,60,2,100,400,199.13,Moderate
RAIPUR ROAD DEHRADUN,1,2018,80.00,80.00,228.18,60,2,100,400,185.45,Moderate
RAIPUR ROAD DEHRADUN,2,2018,80.00,80.00,192.66,60,2,100,400,161.77,Moderate
RAIPUR ROAD DEHRADUN,3,2018,80.00,80.00,188.48,60,2,100,400,158.99,Moderate
RAIPUR ROAD DEHRADUN,4,2018,80.00,80.00,199.02,60,2,100,400,166.01,Moderate
RAIPUR ROAD DEHRADUN,5,2018,80.00,80.00,195.57,60,2,100,400,163.71,Moderate
RAIPUR ROAD DEHRADUN,6,2018,80.00,80.00,190.88,60,2,100,400,160.59,Moderate
RAIPUR ROAD DEHRADUN,7,2018,80.00,80.00,134.29,60,2,100,400,122.86,Moderate
RAIPUR ROAD DEHRADUN,8,2018,80.00,80.00,96.67,60,2,100,400,100.00,Moderate
RAIPUR ROAD DEHRADUN,9,2018,80.00,80.00,97.61,60,2,100,400,100.00,Satisfactory
RAIPUR ROAD DEHRADUN,10,2018,26.46,29.17,114.85,60,2,100,400,109.90,Moderate
RAIPUR ROAD DEHRADUN,11,2018,80.00,80.00,100.00,60,2,100,400,100.00,Satisfactory
RAIPUR ROAD DEHRADUN,12,2018,21.80,26.50,137.50,60,2,100,400,125.00,Moderate
RAIPUR ROAD DEHRADUN,1,2019,21.87,26.47,131.14,67,2,100,400,123.33,Moderate
RAIPUR ROAD DEHRADUN,2,2019,22.28,26.60,113.44,63.8,2,100,400,112.67,Moderate
RAIPUR ROAD DEHRADUN,3,2019,24.88,28.67,125.21,48.27,2,100,400,116.81,Moderate
RAIPUR ROAD DEHRADUN,4,2019,26.51,31.10,117.80,63.44,2,100,400,111.87,Moderate
RAIPUR ROAD DEHRADUN,5,2019,23.42,28.58,132.38,80.93,2,100,400,169.77,Moderate
RAIPUR ROAD DEHRADUN,6,2019,23.11,27.96,136.15,82.27,2,100,400,174.23,Moderate
RAIPUR ROAD DEHRADUN,7,2019,23.12,28.14,122.33,60,2,100,400,114.89,Moderate
RAIPUR ROAD DEHRADUN,8,2019,22.06,26.61,119.27,60,2,100,400,112.85,Moderate
RAIPUR ROAD DEHRADUN,9,2019,23.57,27.02,116.11,60,2,100,400,110.74,Moderate
RAIPUR ROAD DEHRADUN,10,2019,22.28,26.48,113.00,80.13,2,100,400,167.10,Moderate
RAIPUR ROAD DEHRADUN,11,2019,22.89,27.27,128.66,92.58,2,100,400,208.60,Poor
RAIPUR ROAD DEHRADUN,12,2019,21.99,27.17,128.47,74.4,2,100,400,148.00,Moderate
RAIPUR ROAD DEHRADUN,1,2020,23.78,27.77,128.68,71.68,2,100,400,138.93,Moderate
RAIPUR ROAD DEHRADUN,2,2020,71.75,28.19,130.23,71.75,2,100,400,139.17,Moderate
RAIPUR ROAD DEHRADUN,3,2020,68.18,26.71,118.62,68.18,2,100,400,127.27,Moderate
RAIPUR ROAD DEHRADUN,4,2020,37.10,7.87,76.58,37.1,2,100,400,100.00,Satisfactory
RAIPUR ROAD DEHRADUN,5,2020,46.37,18.50,100.87,46.37,2,100,400,100.58,Satisfactory
RAIPUR ROAD DEHRADUN,6,2020,64.54,22.30,97.53,64.54,2,100,400,115.13,Moderate
RAIPUR ROAD DEHRADUN,7,2020,42.83,22.75,88.38,42.83,2,100,400,100.00,Satisfactory
RAIPUR ROAD DEHRADUN,8,2020,80,22.93,80.31,60,2,100,400,100.00,Satisfactory
RAIPUR ROAD DEHRADUN,9,2020,66.86,25.56,93.73,66.86,2,100,400,122.87,Moderate
RAIPUR ROAD DEHRADUN,10,2020,101.17,26.83,155.18,101.17,2,100,400,237.23,Poor
RAIPUR ROAD DEHRADUN,11,2020,88.17,27.03,159.28,88.17,2,100,400,193.90,Moderate
RAIPUR ROAD DEHRADUN,12,2020,88.33,27.89,157.98,88.33,2,100,400,194.43,Moderate
RAIPUR ROAD DEHRADUN,1,2021,23.47,27.65,155.34,89.97,2,100,400,199.90,Moderate
RAIPUR ROAD DEHRADUN,2,2021,23.28,27.82,160.65,90.97,2,100,400,203.23,Poor
RAIPUR ROAD DEHRADUN,3,2021,22.81,27.15,166.11,88.88,2,100,400,196.27,Moderate
RAIPUR ROAD DEHRADUN,4,2021,20.91,26.82,162.31,87.22,2,100,400,190.73,Moderate
RAIPUR ROAD DEHRADUN,5,2021,17.52,21.96,100.28,63.35,2,100,400,111.17,Moderate
RAIPUR ROAD DEHRADUN,6,2021,20.11,22.47,114.03,66.81,2,100,400,122.70,Moderate
RAIPUR ROAD DEHRADUN,7,2021,20.66,24.00,123.27,73.64,2,100,400,145.47,Moderate
RAIPUR ROAD DEHRADUN,8,2021,20.36,23.73,113.40,84.75,2,100,400,182.50,Moderate
RAIPUR ROAD DEHRADUN,9,2021,18.87,23.42,105.25,71.61,2,100,400,138.70,Moderate
RAIPUR ROAD DEHRADUN,10,2021,80.00,80.00,100.00,60,2,100,400,100.00,Satisfactory
RAIPUR ROAD DEHRADUN,11,2021,80.00,80.00,100.00,60,2,100,400,100.00,Satisfactory
RAIPUR ROAD DEHRADUN,12,2021,80.00,80.00,100.00,60,2,100,400,100.00,Satisfactory
ISBT -DEHRADUN,1,2012,21.62,25.00,249.15,60,2,100,400,199.43,Moderate
ISBT -DEHRADUN,2,2012,23.98,24.40,179.61,60,2,100,400,153.07,Moderate
ISBT -DEHRADUN,3,2012,26.14,27.08,198.20,60,2,100,400,165.47,Moderate
ISBT -DEHRADUN,4,2012,26.52,27.35,162.59,60,2,100,400,141.73,Moderate
ISBT -DEHRADUN,5,2012,28.45,29.56,303.37,60,2,100,400,253.37,Poor
ISBT -DEHRADUN,6,2012,27.80,29.93,188.52,60,2,100,400,159.01,Moderate
ISBT -DEHRADUN,7,2012,24.03,25.44,102.56,60,2,100,400,101.71,Moderate
ISBT -DEHRADUN,8,2012,22.41,23.60,77.81,60,2,100,400,100.00,Satisfactory
ISBT -DEHRADUN,9,2012,22.87,25.59,116.00,60,2,100,400,110.67,Moderate
ISBT -DEHRADUN,10,2012,21.51,24.48,123.28,60,2,100,400,115.52,Moderate
ISBT -DEHRADUN,11,2012,26.03,30.40,200.02,60,2,100,400,166.68,Moderate
ISBT -DEHRADUN,12,2012,25.72,29.90,219.58,60,2,100,400,179.72,Moderate
ISBT -DEHRADUN,1,2013,80.00,80.00,100.00,60,2,100,400,100.00,Satisfactory
ISBT -DEHRADUN,2,2013,80.00,80.00,100.00,60,2,100,400,100.00,Satisfactory
ISBT -DEHRADUN,3,2013,80.00,80.00,100.00,60,2,100,400,100.00,Satisfactory
ISBT -DEHRADUN,4,2013,25.30,27.30,182.70,60,2,100,400,155.13,Moderate
ISBT -DEHRADUN,5,2013,26.60,28.30,205.30,60,2,100,400,170.20,Moderate
ISBT -DEHRADUN,6,2013,80.00,80.00,100.00,60,2,100,400,100.00,Satisfactory
ISBT -DEHRADUN,7,2013,23.00,24.40,106.00,60,2,100,400,104.00,Moderate
ISBT -DEHRADUN,8,2013,21.20,22.00,127.20,60,2,100,400,118.13,Moderate
ISBT -DEHRADUN,9,2013,22.06,22.70,134.09,60,2,100,400,122.73,Moderate
ISBT -DEHRADUN,10,2013,25.30,29.20,141.70,60,2,100,400,127.80,Moderate
ISBT -DEHRADUN,11,2013,26.27,29.40,155.01,60,2,100,400,136.67,Moderate
ISBT -DEHRADUN,12,2013,26.10,30.10,234.73,60,2,100,400,189.82,Moderate
ISBT -DEHRADUN,1,2014,25.85,29.25,229.38,60,2,100,400,186.25,Moderate
ISBT -DEHRADUN,2,2014,26.41,29.25,230.11,60,2,100,400,186.74,Moderate
ISBT -DEHRADUN,3,2014,26.16,30.38,152.10,60,2,100,400,134.73,Moderate
ISBT -DEHRADUN,4,2014,26.69,30.46,236.90,60,2,100,400,191.27,Moderate
ISBT -DEHRADUN,5,2014,26.83,30.25,233.62,60,2,100,400,189.08,Moderate
ISBT -DEHRADUN,6,2014,26.00,30.40,163.99,60,2,100,400,142.66,Moderate
ISBT -DEHRADUN,7,2014,24.48,26.70,141.81,60,2,100,400,127.87,Moderate
ISBT -DEHRADUN,8,2014,26.54,29.38,136.52,60,2,100,400,124.35,Moderate
ISBT -DEHRADUN,9,2014,27.19,29.85,148.60,60,2,100,400,132.40,Moderate
ISBT -DEHRADUN,10,2014,26.08,29.29,178.41,60,2,100,400,152.27,Moderate
ISBT -DEHRADUN,11,2014,26.25,29.33,183.18,60,2,100,400,155.45,Moderate
ISBT -DEHRADUN,12,2014,27.18,29.84,203.55,60,2,100,400,169.03,Moderate
ISBT -DEHRADUN,1,2015,26.57,30.08,212.33,60,2,100,400,174.89,Moderate
ISBT -DEHRADUN,2,2015,27.22,30.22,204.40,60,2,100,400,169.60,Moderate
ISBT -DEHRADUN,3,2015,27.97,29.95,250.86,60,2,100,400,200.86,Moderate
ISBT -DEHRADUN,4,2015,27.37,30.74,232.30,60,2,100,400,188.20,Moderate
ISBT -DEHRADUN,5,2015,28.15,30.90,229.48,60,2,100,400,186.32,Moderate
ISBT -DEHRADUN,6,2015,29.25,31.28,246.45,60,2,100,400,197.63,Moderate
ISBT -DEHRADUN,7,2015,28.36,31.42,219.32,60,2,100,400,179.55,Moderate
ISBT -DEHRADUN,8,2015,26.47,30.44,212.10,60,2,100,400,174.73,Moderate
ISBT -DEHRADUN,9,2015,26.94,29.12,190.24,60,2,100,400,160.16,Moderate
ISBT -DEHRADUN,10,2015,27.05,29.91,297.33,60,2,100,400,247.33,Poor
ISBT -DEHRADUN,11,2015,27.06,30.68,268.27,60,2,100,400,218.27,Poor
ISBT -DEHRADUN,12,2015,27.02,30.47,290.01,60,2,100,400,240.01,Poor
ISBT -DEHRADUN,1,2016,27.36,29.96,388.67,60,2,100,400,653.67,Severe
ISBT -DEHRADUN,2,2016,28.14,30.67,338.06,60,2,100,400,288.06,Poor
ISBT -DEHRADUN,3,2016,27.96,30.93,306.34,60,2,100,400,256.34,Poor
ISBT -DEHRADUN,4,2016,26.80,30.76,316.04,60,2,100,400,266.04,Poor
ISBT -DEHRADUN,5,2016,27.17,29.55,289.41,60,2,100,400,239.41,Poor
ISBT -DEHRADUN,6,2016,27.68,29.74,311.40,60,2,100,400,261.40,Poor
ISBT -DEHRADUN,7,2016,25.87,29.11,160.78,60,2,100,400,140.52,Moderate
ISBT -DEHRADUN,8,2016,25.13,28.99,174.75,60,2,100,400,149.83,Moderate
ISBT -DEHRADUN,9,2016,26.09,28.60,221.21,60,2,100,400,180.81,Moderate
ISBT -DEHRADUN,10,2016,27.21,30.87,362.30,60,2,100,400,627.30,Severe
ISBT -DEHRADUN,11,2016,28.41,31.13,325.67,60,2,100,400,275.67,Poor
ISBT -DEHRADUN,12,2016,27.46,30.31,262.83,60,2,100,400,212.83,Poor
ISBT -DEHRADUN,1,2017,26.79,30.21,321.06,60,2,100,400,271.06,Poor
ISBT -DEHRADUN,2,2017,27.33,30.38,306.14,60,2,100,400,256.14,Poor
ISBT -DEHRADUN,3,2017,27.08,30.37,320.32,60,2,100,400,270.32,Poor
ISBT -DEHRADUN,4,2017,27.46,30.67,302.47,60,2,100,400,252.47,Poor
ISBT -DEHRADUN,5,2017,26.92,30.79,321.90,60,2,100,400,271.90,Poor
ISBT -DEHRADUN,6,2017,27.58,30.22,323.91,60,2,100,400,273.91,Poor
ISBT -DEHRADUN,7,2017,26.63,28.18,187.32,60,2,100,400,158.21,Moderate
ISBT -DEHRADUN,8,2017,26.41,28.83,128.90,60,2,100,400,119.27,Moderate
ISBT -DEHRADUN,9,2017,25.58,28.41,330.42,60,2,100,400,280.42,Poor
ISBT -DEHRADUN,10,2017,24.84,28.84,333.20,60,2,100,400,283.20,Poor
ISBT -DEHRADUN,11,2017,80.00,80.00,377.07,60,2,100,400,642.07,Severe
ISBT -DEHRADUN,12,2017,80.00,80.00,375.38,60,2,100,400,640.38,Severe
ISBT -DEHRADUN,1,2018,80.00,80.00,350.96,60,2,100,400,615.96,Severe
ISBT -DEHRADUN,2,2018,80.00,80.00,314.00,60,2,100,400,264.00,Poor
ISBT -DEHRADUN,3,2018,80.00,80.00,335.45,60,2,100,400,285.45,Poor
ISBT -DEHRADUN,4,2018,80.00,80.00,335.79,60,2,100,400,285.79,Poor
ISBT -DEHRADUN,5,2018,80.00,80.00,319.05,60,2,100,400,269.05,Poor
ISBT -DEHRADUN,6,2018,80.00,80.00,268.02,60,2,100,400,218.02,Poor
ISBT -DEHRADUN,7,2018,80.00,80.00,240.19,60,2,100,400,193.46,Moderate
ISBT -DEHRADUN,8,2018,80.00,80.00,191.32,60,2,100,400,160.88,Moderate
ISBT -DEHRADUN,9,2018,80.00,80.00,191.57,60,2,100,400,161.05,Moderate
ISBT -DEHRADUN,10,2018,26.12,28.42,220.92,60,2,100,400,180.61,Moderate
ISBT -DEHRADUN,11,2018,25.60,28.48,199.41,60,2,100,400,166.27,Moderate
ISBT -DEHRADUN,12,2018,25.62,28.15,210.98,60,2,100,400,173.99,Moderate
ISBT -DEHRADUN,1,2019,25.15,28.40,243.12,97.72,2,100,400,225.73,Poor
ISBT -DEHRADUN,2,2019,25.94,29.45,220.94,88.49,2,100,400,194.97,Moderate
ISBT -DEHRADUN,3,2019,26.24,30.16,209.34,105.01,2,100,400,250.03,Poor
ISBT -DEHRADUN,4,2019,26.10,30.19,212.10,111.06,2,100,400,270.20,Poor
ISBT -DEHRADUN,5,2019,25.82,29.85,215.70,117.56,2,100,400,291.87,Poor
ISBT -DEHRADUN,6,2019,25.87,29.78,222.01,113.41,2,100,400,278.03,Poor
ISBT -DEHRADUN,7,2019,26.16,29.09,220.36,60,2,100,400,180.24,Moderate
ISBT -DEHRADUN,8,2019,25.23,28.35,189.92,60,2,100,400,159.95,Moderate
ISBT -DEHRADUN,9,2019,26.84,28.56,168.16,60,2,100,400,145.44,Moderate
ISBT -DEHRADUN,10,2019,25.23,28.86,170.75,105.68,2,100,400,252.27,Poor
ISBT -DEHRADUN,11,2019,25.71,29.07,200.42,112.86,2,100,400,276.20,Poor
ISBT -DEHRADUN,12,2019,24.32,28.94,189.23,108.61,2,100,400,262.03,Poor
ISBT -DEHRADUN,1,2020,25.10,29.00,183.42,103.14,2,100,400,243.80,Poor
ISBT -DEHRADUN,2,2020,25.69,29.45,214.13,101.15,2,100,400,237.17,Poor
ISBT -DEHRADUN,3,2020,25.97,29.20,200.59,94.39,2,100,400,214.63,Poor
ISBT -DEHRADUN,4,2020,9.16,11.63,79.34,41.48,2,100,400,100.00,Satisfactory
ISBT -DEHRADUN,5,2020,15.41,19.91,110.49,75.61,2,100,400,152.03,Moderate
ISBT -DEHRADUN,6,2020,19.85,23.94,112.56,75.5,2,100,400,151.67,Moderate
ISBT -DEHRADUN,7,2020,20.70,24.57,93.83,53.7,2,100,400,100.00,Satisfactory
ISBT -DEHRADUN,8,2020,22.11,26.18,92.24,60,2,100,400,100.00,Satisfactory
ISBT -DEHRADUN,9,2020,23.11,27.46,104.17,76.62,2,100,400,155.40,Moderate
ISBT -DEHRADUN,10,2020,25.31,28.41,170.18,104.82,2,100,400,249.40,Poor
ISBT -DEHRADUN,11,2020,24.14,28.63,191.99,99.51,2,100,400,231.70,Poor
ISBT -DEHRADUN,12,2020,24.09,28.48,173.25,101.09,2,100,400,236.97,Poor
ISBT -DEHRADUN,1,2021,24.28,28.51,179.81,99.74,2,100,400,232.47,Poor
ISBT -DEHRADUN,2,2021,24.27,28.52,179.91,99.98,2,100,400,233.27,Poor
ISBT -DEHRADUN,3,2021,24.19,28.44,179.91,107.05,2,100,400,256.83,Poor
ISBT -DEHRADUN,4,2021,23.79,27.82,191.80,97.91,2,100,400,226.37,Poor
ISBT -DEHRADUN,5,2021,18.98,23.01,124.72,71.73,2,100,400,139.10,Moderate
ISBT -DEHRADUN,6,2021,21.36,24.40,144.17,75.8,2,100,400,152.67,Moderate
ISBT -DEHRADUN,7,2021,21.60,24.84,133.20,77,2,100,400,156.67,Moderate
ISBT -DEHRADUN,8,2021,22.01,24.58,125.43,102.29,2,100,400,240.97,Poor
ISBT -DEHRADUN,9,2021,20.27,20.05,111.37,84.51,2,100,400,181.70,Moderate
ISBT -DEHRADUN,10,2021,80.00,80.00,100.00,60,2,100,400,100.00,Satisfactory
ISBT -DEHRADUN,11,2021,80.00,80.00,100.00,60,2,100,400,100.00,Satisfactory
ISBT -DEHRADUN,12,2021,80.00,80.00,100.00,60,2,100,400,100.00,Satisfactory
RISHIKESH-NAGARNIGAM,1,2012,22.48,23.38,99.73,60,2,100,400,100.00,Satisfactory
RISHIKESH-NAGARNIGAM,2,2012,22.14,26.10,89.50,60,2,100,400,100.00,Satisfactory
RISHIKESH-NAGARNIGAM,3,2012,22.19,24.55,115.80,60,2,100,400,110.53,Moderate
RISHIKESH-NAGARNIGAM,4,2012,21.73,25.33,129.73,60,2,100,400,119.82,Moderate
RISHIKESH-NAGARNIGAM,5,2012,24.52,27.24,139.22,60,2,100,400,126.15,Moderate
RISHIKESH-NAGARNIGAM,6,2012,22.21,25.00,122.28,60,2,100,400,114.85,Moderate
RISHIKESH-NAGARNIGAM,7,2012,20.91,24.60,101.02,60,2,100,400,100.68,Satisfactory
RISHIKESH-NAGARNIGAM,8,2012,22.22,24.74,99.75,60,2,100,400,100.00,Satisfactory
RISHIKESH-NAGARNIGAM,9,2012,21.59,24.08,99.85,60,2,100,400,100.00,Satisfactory
RISHIKESH-NAGARNIGAM,10,2012,21.17,23.51,114.11,60,2,100,400,109.41,Moderate
RISHIKESH-NAGARNIGAM,11,2012,21.70,24.32,104.80,60,2,100,400,103.20,Moderate
RISHIKESH-NAGARNIGAM,12,2012,21.90,24.36,95.32,60,2,100,400,100.00,Satisfactory
RISHIKESH-NAGARNIGAM,1,2013,80.00,80.00,100.00,60,2,100,400,100.00,Satisfactory
RISHIKESH-NAGARNIGAM,2,2013,80.00,80.00,100.00,60,2,100,400,100.00,Satisfactory
RISHIKESH-NAGARNIGAM,3,2013,80.00,80.00,100.00,60,2,100,400,100.00,Satisfactory
RISHIKESH-NAGARNIGAM,4,2013,24.70,26.00,133.80,60,2,100,400,122.53,Moderate
RISHIKESH-NAGARNIGAM,5,2013,23.70,25.30,144.80,60,2,100,400,129.87,Moderate
RISHIKESH-NAGARNIGAM,6,2013,23.12,25.50,101.30,60,2,100,400,100.87,Satisfactory
RISHIKESH-NAGARNIGAM,7,2013,21.82,23.70,104.10,60,2,100,400,102.73,Moderate
RISHIKESH-NAGARNIGAM,8,2013,20.70,22.40,100.60,60,2,100,400,100.40,Satisfactory
RISHIKESH-NAGARNIGAM,9,2013,20.70,22.30,107.50,60,2,100,400,105.00,Moderate
RISHIKESH-NAGARNIGAM,10,2013,22.50,25.60,125.10,60,2,100,400,116.73,Moderate
RISHIKESH-NAGARNIGAM,11,2013,21.85,27.70,110.20,60,2,100,400,106.80,Moderate
RISHIKESH-NAGARNIGAM,12,2013,23.39,27.70,125.44,60,2,100,400,116.96,Moderate
RISHIKESH-NAGARNIGAM,1,2014,22.46,26.17,114.69,60,2,100,400,109.79,Moderate
RISHIKESH-NAGARNIGAM,2,2014,22.78,26.92,116.43,60,2,100,400,110.95,Moderate
RISHIKESH-NAGARNIGAM,3,2014,23.03,28.00,133.80,60,2,100,400,122.53,Moderate
RISHIKESH-NAGARNIGAM,4,2014,25.06,29.09,130.80,60,2,100,400,120.53,Moderate
RISHIKESH-NAGARNIGAM,5,2014,24.52,28.89,140.43,60,2,100,400,126.95,Moderate
RISHIKESH-NAGARNIGAM,6,2014,24.35,28.23,129.05,60,2,100,400,119.37,Moderate
RISHIKESH-NAGARNIGAM,7,2014,23.40,26.43,119.59,60,2,100,400,113.06,Moderate
RISHIKESH-NAGARNIGAM,8,2014,24.15,27.55,109.28,60,2,100,400,106.19,Moderate
RISHIKESH-NAGARNIGAM,9,2014,24.04,28.13,125.05,60,2,100,400,116.70,Moderate
RISHIKESH-NAGARNIGAM,10,2014,24.59,27.76,108.97,60,2,100,400,105.98,Moderate
RISHIKESH-NAGARNIGAM,11,2014,24.69,28.32,123.13,60,2,100,400,115.42,Moderate
RISHIKESH-NAGARNIGAM,12,2014,24.49,28.37,108.50,60,2,100,400,105.67,Moderate
RISHIKESH-NAGARNIGAM,1,2015,25.08,29.02,101.55,60,2,100,400,101.03,Moderate
RISHIKESH-NAGARNIGAM,2,2015,25.00,28.44,103.97,60,2,100,400,102.65,Moderate
RISHIKESH-NAGARNIGAM,3,2015,25.30,29.10,117.35,60,2,100,400,111.57,Moderate
RISHIKESH-NAGARNIGAM,4,2015,25.48,29.67,131.29,60,2,100,400,120.86,Moderate
RISHIKESH-NAGARNIGAM,5,2015,25.37,30.33,157.37,60,2,100,400,138.25,Moderate
RISHIKESH-NAGARNIGAM,6,2015,25.53,29.73,121.84,60,2,100,400,114.56,Moderate
RISHIKESH-NAGARNIGAM,7,2015,25.17,29.49,116.41,60,2,100,400,110.94,Moderate
RISHIKESH-NAGARNIGAM,8,2015,25.73,29.35,11.08,60,2,100,400,100.00,Satisfactory
RISHIKESH-NAGARNIGAM,9,2015,25.05,28.37,118.60,60,2,100,400,112.40,Moderate
RISHIKESH-NAGARNIGAM,10,2015,25.18,27.87,116.82,60,2,100,400,111.21,Moderate
RISHIKESH-NAGARNIGAM,11,2015,24.51,27.16,114.57,60,2,100,400,109.71,Moderate
RISHIKESH-NAGARNIGAM,12,2015,24.08,27.81,99.74,60,2,100,400,100.00,Satisfactory
RISHIKESH-NAGARNIGAM,1,2016,23.87,27.60,94.15,60,2,100,400,100.00,Satisfactory
RISHIKESH-NAGARNIGAM,2,2016,24.16,27.33,109.68,60,2,100,400,106.45,Moderate
RISHIKESH-NAGARNIGAM,3,2016,24.33,27.76,129.50,60,2,100,400,119.67,Moderate
RISHIKESH-NAGARNIGAM,4,2016,24.50,28.99,157.50,60,2,100,400,138.33,Moderate
RISHIKESH-NAGARNIGAM,5,2016,24.15,28.89,154.96,60,2,100,400,136.64,Moderate
RISHIKESH-NAGARNIGAM,6,2016,21.87,27.95,114.30,60,2,100,400,109.53,Moderate
RISHIKESH-NAGARNIGAM,7,2016,21.12,26.67,107.33,60,2,100,400,104.89,Moderate
RISHIKESH-NAGARNIGAM,8,2016,21.50,25.96,107.19,60,2,100,400,104.79,Moderate
RISHIKESH-NAGARNIGAM,9,2016,21.70,25.96,107.14,60,2,100,400,104.76,Moderate
RISHIKESH-NAGARNIGAM,10,2016,21.95,25.49,115.34,60,2,100,400,110.23,Moderate
RISHIKESH-NAGARNIGAM,11,2016,21.91,26.09,106.11,60,2,100,400,104.07,Moderate
RISHIKESH-NAGARNIGAM,12,2016,21.34,26.37,112.74,60,2,100,400,108.49,Moderate
RISHIKESH-NAGARNIGAM,1,2017,20.14,27.63,101.82,60,2,100,400,101.21,Moderate
RISHIKESH-NAGARNIGAM,2,2017,21.73,28.60,119.63,60,2,100,400,113.09,Moderate
RISHIKESH-NAGARNIGAM,3,2017,22.68,28.52,112.79,60,2,100,400,108.53,Moderate
RISHIKESH-NAGARNIGAM,4,2017,23.71,28.20,143.83,60,2,100,400,129.22,Moderate
RISHIKESH-NAGARNIGAM,5,2017,24.65,28.00,157.06,60,2,100,400,138.04,Moderate
RISHIKESH-NAGARNIGAM,6,2017,23.03,27.49,147.01,60,2,100,400,131.34,Moderate
RISHIKESH-NAGARNIGAM,7,2017,21.98,26.54,139.29,60,2,100,400,126.19,Moderate
RISHIKESH-NAGARNIGAM,8,2017,21.86,26.19,150.53,60,2,100,400,133.69,Moderate
RISHIKESH-NAGARNIGAM,9,2017,21.46,24.62,142.34,60,2,100,400,128.23,Moderate
RISHIKESH-NAGARNIGAM,10,2017,18.32,21.47,112.96,60,2,100,400,108.64,Moderate
RISHIKESH-NAGARNIGAM,11,2017,80.00,80.00,112.96,60,2,100,400,108.64,Moderate
RISHIKESH-NAGARNIGAM,12,2017,80.00,80.00,104.22,60,2,100,400,102.81,Moderate
RISHIKESH-NAGARNIGAM,1,2018,80.00,80.00,102.37,60,2,100,400,101.58,Moderate
RISHIKESH-NAGARNIGAM,2,2018,80.00,80.00,119.87,60,2,100,400,113.25,Moderate
RISHIKESH-NAGARNIGAM,3,2018,80.00,80.00,138.61,60,2,100,400,125.74,Moderate
RISHIKESH-NAGARNIGAM,4,2018,80.00,80.00,171.76,60,2,100,400,147.84,Moderate
RISHIKESH-NAGARNIGAM,5,2018,80.00,80.00,173.34,60,2,100,400,148.89,Moderate
RISHIKESH-NAGARNIGAM,6,2018,80.00,80.00,171.29,60,2,100,400,147.53,Moderate
RISHIKESH-NAGARNIGAM,7,2018,80.00,80.00,132.08,60,2,100,400,121.39,Moderate
RISHIKESH-NAGARNIGAM,8,2018,80.00,80.00,105.31,60,2,100,400,103.54,Moderate
RISHIKESH-NAGARNIGAM,9,2018,80.00,80.00,109.24,60,2,100,400,106.16,Moderate
RISHIKESH-NAGARNIGAM,10,2018,17.51,20.78,108.56,60,2,100,400,105.71,Moderate
RISHIKESH-NAGARNIGAM,11,2018,21.51,25.55,112.01,60,2,100,400,108.01,Moderate
RISHIKESH-NAGARNIGAM,12,2018,21.65,26.00,107.62,60,2,100,400,105.08,Moderate
RISHIKESH-NAGARNIGAM,1,2019,21.44,25.97,108.06,60,2,100,400,105.37,Moderate
RISHIKESH-NAGARNIGAM,2,2019,21.58,26.80,102.30,60,2,100,400,101.53,Moderate
RISHIKESH-NAGARNIGAM,3,2019,22.49,27.52,131.66,60,2,100,400,121.11,Moderate
RISHIKESH-NAGARNIGAM,4,2019,23.73,28.37,150.20,60,2,100,400,133.47,Moderate
RISHIKESH-NAGARNIGAM,5,2019,23.95,28.46,166.21,60,2,100,400,144.14,Moderate
RISHIKESH-NAGARNIGAM,6,2019,23.01,27.88,195.71,60,2,100,400,163.81,Moderate
RISHIKESH-NAGARNIGAM,7,2019,22.29,26.66,151.52,60,2,100,400,134.35,Moderate
RISHIKESH-NAGARNIGAM,8,2019,21.69,26.86,117.02,60,2,100,400,111.35,Moderate
RISHIKESH-NAGARNIGAM,9,2019,20.48,26.46,113.74,60,2,100,400,109.16,Moderate
RISHIKESH-NAGARNIGAM,10,2019,22.76,26.56,151.04,60,2,100,400,134.03,Moderate
RISHIKESH-NAGARNIGAM,11,2019,22.98,26.72,132.27,60,2,100,400,121.51,Moderate
RISHIKESH-NAGARNIGAM,12,2019,21.35,26.44,115.99,60,2,100,400,110.66,Moderate
RISHIKESH-NAGARNIGAM,1,2020,21.03,27.51,112.03,60,2,100,400,108.02,Moderate
RISHIKESH-NAGARNIGAM,2,2020,22.30,27.10,109.02,60,2,100,400,106.01,Moderate
RISHIKESH-NAGARNIGAM,3,2020,23.53,27.18,113.96,60,2,100,400,109.31,Moderate
RISHIKESH-NAGARNIGAM,4,2020,5.98,7.62,58.55,60,2,100,400,100.00,Satisfactory
RISHIKESH-NAGARNIGAM,5,2020,11.43,14.55,91.52,60,2,100,400,100.00,Satisfactory
RISHIKESH-NAGARNIGAM,6,2020,15.70,22.13,93.85,60,2,100,400,100.00,Satisfactory
RISHIKESH-NAGARNIGAM,7,2020,17.35,22.62,101.31,60,2,100,400,100.87,Moderate
RISHIKESH-NAGARNIGAM,8,2020,18.96,24.43,108.91,60,2,100,400,105.94,Moderate
RISHIKESH-NAGARNIGAM,9,2020,21.47,25.84,113.64,60,2,100,400,109.09,Moderate
RISHIKESH-NAGARNIGAM,10,2020,21.62,25.94,115.38,60,2,100,400,110.25,Moderate
RISHIKESH-NAGARNIGAM,11,2020,21.92,26.64,131.73,60,2,100,400,121.15,Moderate
RISHIKESH-NAGARNIGAM,12,2020,22.66,27.32,147.93,60,2,100,400,131.95,Moderate
RISHIKESH-NAGARNIGAM,1,2021,22.11,27.17,151.15,79.36,2,100,400,164.53,Moderate
RISHIKESH-NAGARNIGAM,2,2021,22.34,26.65,161.33,92.54,2,100,400,208.47,Poor
RISHIKESH-NAGARNIGAM,3,2021,21.27,26.49,176.36,92.54,2,100,400,208.47,Poor
RISHIKESH-NAGARNIGAM,4,2021,18.41,25.09,176.74,88.22,2,100,400,194.07,Moderate
RISHIKESH-NAGARNIGAM,5,2021,16.68,22.22,75.90,53.14,2,100,400,100.00,Moderate
RISHIKESH-NAGARNIGAM,6,2021,19.51,24.45,95.63,66.63,2,100,400,122.10,Moderate
RISHIKESH-NAGARNIGAM,7,2021,19.10,23.82,116.89,71.36,2,100,400,137.87,Moderate
RISHIKESH-NAGARNIGAM,8,2021,19.54,24.11,119.39,76.43,2,100,400,154.77,Moderate
RISHIKESH-NAGARNIGAM,9,2021,17.41,23.99,110.73,60.72,2,100,400,107.15,Moderate
RISHIKESH-NAGARNIGAM,10,2021,80.00,80.00,100.00,60,2,100,400,100.00,Satisfactory
RISHIKESH-NAGARNIGAM,11,2021,80.00,80.00,100.00,60,2,100,400,100.00,Satisfactory
RISHIKESH-NAGARNIGAM,12,2021,80.00,80.00,100.00,60,2,100,400,100.00,Satisfactory
SIDCUL-HARIDWAR,1,2012,26.76,28.60,98.71,60,2,100,400,100.00,Satisfactory
SIDCUL-HARIDWAR,2,2012,25.89,28.29,114.21,60,2,100,400,109.47,Moderate
SIDCUL-HARIDWAR,3,2012,30.19,31.34,162.09,60,2,100,400,141.39,Moderate
SIDCUL-HARIDWAR,4,2012,26.37,30.19,149.19,60,2,100,400,132.79,Moderate
SIDCUL-HARIDWAR,5,2012,26.54,28.72,122.51,60,2,100,400,115.01,Moderate
SIDCUL-HARIDWAR,6,2012,28.74,29.25,207.17,60,2,100,400,171.45,Moderate
SIDCUL-HARIDWAR,7,2012,26.66,26.84,126.56,60,2,100,400,117.71,Moderate
SIDCUL-HARIDWAR,8,2012,26.44,27.50,84.51,60,2,100,400,100.00,Satisfactory
SIDCUL-HARIDWAR,9,2012,27.74,27.99,105.14,60,2,100,400,103.43,Moderate
SIDCUL-HARIDWAR,10,2012,28.39,28.82,88.81,60,2,100,400,100.00,Satisfactory
SIDCUL-HARIDWAR,11,2012,27.94,28.48,114.67,60,2,100,400,109.78,Moderate
SIDCUL-HARIDWAR,12,2012,27.77,28.54,121.28,60,2,100,400,114.19,Moderate
SIDCUL-HARIDWAR,1,2013,80.00,80.00,100.00,60,2,100,400,100.00,Satisfactory
SIDCUL-HARIDWAR,2,2013,80.00,80.00,100.00,60,2,100,400,100.00,Satisfactory
SIDCUL-HARIDWAR,3,2013,80.00,80.00,100.00,60,2,100,400,100.00,Satisfactory
SIDCUL-HARIDWAR,4,2013,29.30,29.80,125.00,60,2,100,400,116.67,Moderate
SIDCUL-HARIDWAR,5,2013,28.90,29.90,116.70,60,2,100,400,111.13,Moderate
SIDCUL-HARIDWAR,6,2013,28.90,29.90,119.20,60,2,100,400,112.80,Moderate
SIDCUL-HARIDWAR,7,2013,27.80,29.00,89.20,60,2,100,400,100.00,Satisfactory
SIDCUL-HARIDWAR,8,2013,26.70,27.90,125.90,60,2,100,400,117.27,Moderate
SIDCUL-HARIDWAR,9,2013,25.50,26.60,118.40,60,2,100,400,112.27,Moderate
SIDCUL-HARIDWAR,10,2013,25.30,27.30,101.40,60,2,100,400,100.93,Satisfactory
SIDCUL-HARIDWAR,11,2013,27.50,29.30,128.00,60,2,100,400,118.67,Moderate
SIDCUL-HARIDWAR,12,2013,27.09,29.01,115.50,60,2,100,400,110.33,Moderate
SIDCUL-HARIDWAR,1,2014,26.85,29.13,123.08,60,2,100,400,115.39,Moderate
SIDCUL-HARIDWAR,2,2014,25.94,28.29,121.00,60,2,100,400,114.00,Moderate
SIDCUL-HARIDWAR,3,2014,28.09,30.19,121.42,60,2,100,400,114.28,Moderate
SIDCUL-HARIDWAR,4,2014,25.29,27.77,116.26,60,2,100,400,110.84,Moderate
SIDCUL-HARIDWAR,5,2014,23.86,26.21,116.09,60,2,100,400,110.73,Moderate
SIDCUL-HARIDWAR,6,2014,23.26,25.96,124.75,60,2,100,400,116.50,Moderate
SIDCUL-HARIDWAR,7,2014,23.91,26.14,125.04,60,2,100,400,116.69,Moderate
SIDCUL-HARIDWAR,8,2014,23.00,25.30,124.53,60,2,100,400,116.35,Moderate
SIDCUL-HARIDWAR,9,2014,22.37,25.16,121.73,60,2,100,400,114.49,Moderate
SIDCUL-HARIDWAR,10,2014,23.84,25.88,122.45,60,2,100,400,114.97,Moderate
SIDCUL-HARIDWAR,11,2014,23.36,25.35,127.87,60,2,100,400,118.58,Moderate
SIDCUL-HARIDWAR,12,2014,24.78,27.00,120.74,60,2,100,400,113.83,Moderate
SIDCUL-HARIDWAR,1,2015,23.19,25.56,116.97,60,2,100,400,111.31,Moderate
SIDCUL-HARIDWAR,2,2015,23.15,25.30,124.72,60,2,100,400,116.48,Moderate
SIDCUL-HARIDWAR,3,2015,24.29,26.16,127.51,60,2,100,400,118.34,Moderate
SIDCUL-HARIDWAR,4,2015,25.11,27.48,124.75,60,2,100,400,116.50,Moderate
SIDCUL-HARIDWAR,5,2015,25.37,27.62,134.20,60,2,100,400,122.80,Moderate
SIDCUL-HARIDWAR,6,2015,24.09,26.28,127.71,60,2,100,400,118.47,Moderate
SIDCUL-HARIDWAR,7,2015,22.94,25.62,110.87,60,2,100,400,107.25,Moderate
SIDCUL-HARIDWAR,8,2015,23.08,25.93,119.25,60,2,100,400,112.83,Moderate
SIDCUL-HARIDWAR,9,2015,23.66,26.13,117.54,60,2,100,400,111.69,Moderate
SIDCUL-HARIDWAR,10,2015,24.12,26.38,118.82,60,2,100,400,112.55,Moderate
SIDCUL-HARIDWAR,11,2015,24.89,27.48,121.36,60,2,100,400,114.24,Moderate
SIDCUL-HARIDWAR,12,2015,25.62,28.39,128.55,60,2,100,400,119.03,Moderate
SIDCUL-HARIDWAR,1,2016,26.24,28.90,127.89,60,2,100,400,118.59,Moderate
SIDCUL-HARIDWAR,2,2016,25.72,28.64,129.18,60,2,100,400,119.45,Moderate
SIDCUL-HARIDWAR,3,2016,26.09,28.72,132.60,60,2,100,400,121.73,Moderate
SIDCUL-HARIDWAR,4,2016,26.62,29.51,141.22,60,2,100,400,127.48,Moderate
SIDCUL-HARIDWAR,5,2016,24.44,27.32,128.28,60,2,100,400,118.85,Moderate
SIDCUL-HARIDWAR,6,2016,24.16,27.22,127.45,60,2,100,400,118.30,Moderate
SIDCUL-HARIDWAR,7,2016,23.90,26.59,124.89,60,2,100,400,116.59,Moderate
SIDCUL-HARIDWAR,8,2016,23.19,26.17,122.44,60,2,100,400,114.96,Moderate
SIDCUL-HARIDWAR,9,2016,24.56,27.14,127.88,60,2,100,400,118.59,Moderate
SIDCUL-HARIDWAR,10,2016,24.19,26.94,121.49,60,2,100,400,114.33,Moderate
SIDCUL-HARIDWAR,11,2016,24.48,28.09,123.17,60,2,100,400,115.45,Moderate
SIDCUL-HARIDWAR,12,2016,25.61,28.12,128.12,60,2,100,400,118.75,Moderate
SIDCUL-HARIDWAR,1,2017,25.07,28.01,133.54,60,2,100,400,122.36,Moderate
SIDCUL-HARIDWAR,2,2017,23.04,26.62,119.61,60,2,100,400,113.07,Moderate
SIDCUL-HARIDWAR,3,2017,22.46,25.47,108.03,60,2,100,400,105.35,Moderate
SIDCUL-HARIDWAR,4,2017,21.97,24.70,102.29,60,2,100,400,101.53,Moderate
SIDCUL-HARIDWAR,5,2017,22.41,25.53,102.98,60,2,100,400,101.99,Moderate
SIDCUL-HARIDWAR,6,2017,22.77,25.98,103.76,60,2,100,400,102.51,Moderate
SIDCUL-HARIDWAR,7,2017,20.76,23.39,85.02,60,2,100,400,100.00,Satisfactory
SIDCUL-HARIDWAR,8,2017,18.74,23.45,48.70,60,2,100,400,100.00,Satisfactory
SIDCUL-HARIDWAR,9,2017,20.87,24.04,71.13,60,2,100,400,100.00,Satisfactory
SIDCUL-HARIDWAR,10,2017,24.95,27.61,117.23,60,2,100,400,111.49,Moderate
SIDCUL-HARIDWAR,11,2017,80.00,80.00,100.00,60,2,100,400,100.00,Satisfactory
SIDCUL-HARIDWAR,12,2017,80.00,80.00,115.57,60,2,100,400,110.38,Moderate
SIDCUL-HARIDWAR,1,2018,80.00,80.00,135.15,60,2,100,400,123.43,Moderate
SIDCUL-HARIDWAR,2,2018,80.00,80.00,117.40,60,2,100,400,111.60,Moderate
SIDCUL-HARIDWAR,3,2018,80.00,80.00,114.98,60,2,100,400,109.99,Moderate
SIDCUL-HARIDWAR,4,2018,80.00,80.00,114.03,60,2,100,400,109.35,Moderate
SIDCUL-HARIDWAR,5,2018,80.00,80.00,157.93,60,2,100,400,138.62,Moderate
SIDCUL-HARIDWAR,6,2018,80.00,80.00,137.90,60,2,100,400,125.27,Moderate
SIDCUL-HARIDWAR,7,2018,80.00,80.00,104.76,60,2,100,400,103.17,Moderate
SIDCUL-HARIDWAR,8,2018,80.00,80.00,119.63,60,2,100,400,113.09,Moderate
SIDCUL-HARIDWAR,9,2018,80.00,80.00,116.74,60,2,100,400,111.16,Moderate
SIDCUL-HARIDWAR,10,2018,14.18,18.66,114.65,60,2,100,400,109.77,Moderate
SIDCUL-HARIDWAR,11,2018,18.42,21.75,119.27,60,2,100,400,112.85,Moderate
SIDCUL-HARIDWAR,12,2018,21.35,25.54,123.53,60,2,100,400,115.69,Moderate
SIDCUL-HARIDWAR,1,2019,22.11,26.16,124.37,60,2,100,400,116.25,Moderate
SIDCUL-HARIDWAR,2,2019,22.73,26.03,131.75,60,2,100,400,121.17,Moderate
SIDCUL-HARIDWAR,3,2019,22.27,26.69,134.26,60,2,100,400,122.84,Moderate
SIDCUL-HARIDWAR,4,2019,22.40,26.54,131.88,60,2,100,400,121.25,Moderate
SIDCUL-HARIDWAR,5,2019,22.05,26.30,134.16,60,2,100,400,122.77,Moderate
SIDCUL-HARIDWAR,6,2019,20.76,25.51,125.45,60,2,100,400,116.97,Moderate
SIDCUL-HARIDWAR,7,2019,17.38,20.81,131.51,60,2,100,400,121.01,Moderate
SIDCUL-HARIDWAR,8,2019,17.00,20.60,120.17,60,2,100,400,113.45,Moderate
SIDCUL-HARIDWAR,9,2019,16.69,20.53,126.24,60,2,100,400,117.49,Moderate
SIDCUL-HARIDWAR,10,2019,17.19,21.00,125.63,60,2,100,400,117.09,Moderate
SIDCUL-HARIDWAR,11,2019,80.00,80.00,150.30,60,2,100,400,133.53,Moderate
SIDCUL-HARIDWAR,12,2019,16.08,21.39,138.09,60,2,100,400,125.39,Moderate
SIDCUL-HARIDWAR,1,2020,16.29,21.04,126.68,60,2,100,400,117.79,Moderate
SIDCUL-HARIDWAR,2,2020,16.25,20.73,127.45,60,2,100,400,118.30,Moderate
SIDCUL-HARIDWAR,3,2020,16.04,20.40,123.32,60,2,100,400,115.55,Moderate
SIDCUL-HARIDWAR,4,2020,3.03,8.79,46.08,60,2,100,400,100.00,Satisfactory
SIDCUL-HARIDWAR,5,2020,3.54,8.68,49.43,60,2,100,400,100.00,Satisfactory
SIDCUL-HARIDWAR,6,2020,4.06,10.71,78.29,60,2,100,400,100.00,Satisfactory
SIDCUL-HARIDWAR,7,2020,4.72,11.77,78.80,60,2,100,400,100.00,Satisfactory
SIDCUL-HARIDWAR,8,2020,5.38,12.08,78.50,60,2,100,400,100.00,Satisfactory
SIDCUL-HARIDWAR,9,2020,6.78,13.23,87.21,60,2,100,400,100.00,Satisfactory
SIDCUL-HARIDWAR,10,2020,9.74,13.97,114.22,60,2,100,400,109.48,Moderate
SIDCUL-HARIDWAR,11,2020,12.90,17.61,133.59,60,2,100,400,122.39,Moderate
SIDCUL-HARIDWAR,12,2020,10.89,17.45,141.05,60,2,100,400,127.37,Moderate
SIDCUL-HARIDWAR,1,2021,10.02,17.15,129.75,60,2,100,400,119.83,Moderate
SIDCUL-HARIDWAR,2,2021,10.43,17.52,125.18,60,2,100,400,116.79,Moderate
SIDCUL-HARIDWAR,3,2021,11.52,20.00,123.18,60,2,100,400,115.45,Moderate
SIDCUL-HARIDWAR,4,2021,87.48,11.21,131.53,87.48,2,100,400,191.60,Moderate
SIDCUL-HARIDWAR,5,2021,49.02,80.00,89.94,49.02,2,100,400,100.00,Satisfactory
SIDCUL-HARIDWAR,6,2021,52.30,80.00,89.40,52.3,2,100,400,100.00,Satisfactory
SIDCUL-HARIDWAR,7,2021,9.93,15.52,94.37,60,2,100,400,100.00,Satisfactory
SIDCUL-HARIDWAR,8,2021,75.81,11.40,101.66,75.81,2,100,400,152.70,Moderate
SIDCUL-HARIDWAR,9,2021,12.71,18.84,106.96,84.89,2,100,400,182.97,Moderate
SIDCUL-HARIDWAR,10,2021,80.00,80.00,100.00,60,2,100,400,100.00,Satisfactory
SIDCUL-HARIDWAR,11,2021,80.00,80.00,100.00,60,2,100,400,100.00,Satisfactory
SIDCUL-HARIDWAR,12,2021,80.00,80.00,100.00,60,2,100,400,100.00,Satisfactory
HALDWANI,1,2012,80.00,80.00,159.75,60,2,100,400,139.83,Moderate
HALDWANI,2,2012,80.00,80.00,229.59,60,2,100,400,186.39,Moderate
HALDWANI,3,2012,80.00,80.00,176.67,60,2,100,400,151.11,Moderate
HALDWANI,4,2012,80.00,80.00,129.49,233.62,2,100,400,387.40,Very Poor
HALDWANI,5,2012,80.00,80.00,151.82,235.02,2,100,400,388.48,Very Poor
HALDWANI,6,2012,80.00,80.00,154.34,219.29,2,100,400,376.38,Very Poor
HALDWANI,7,2012,80.00,80.00,123.59,192.81,2,100,400,356.01,Very Poor
HALDWANI,8,2012,80.00,80.00,73.35,212.7,2,100,400,371.31,Very Poor
HALDWANI,9,2012,80.00,80.00,79.38,279.88,2,100,400,422.98,Severe
HALDWANI,10,2012,80.00,80.00,91.96,245.69,2,100,400,396.68,Very Poor
HALDWANI,11,2012,80.00,80.00,141.19,269.61,2,100,400,415.08,Severe
HALDWANI,12,2012,80.00,80.00,129.14,249.64,2,100,400,399.72,Very Poor
HALDWANI,1,2013,80.00,80.00,100.00,60,2,100,400,100.00,Satisfactory
HALDWANI,2,2013,80.00,80.00,100.00,60,2,100,400,100.00,Satisfactory
HALDWANI,3,2013,80.00,80.00,100.00,60,2,100,400,100.00,Satisfactory
HALDWANI,4,2013,80.00,80.00,140.43,60,2,100,400,126.95,Moderate
HALDWANI,5,2013,80.00,80.00,156.25,60,2,100,400,137.50,Moderate
HALDWANI,6,2013,80.00,80.00,136.42,60,2,100,400,124.28,Moderate
HALDWANI,7,2013,80.00,80.00,117.29,60,2,100,400,111.53,Moderate
HALDWANI,8,2013,80.00,80.00,127.53,60,2,100,400,118.35,Moderate
HALDWANI,9,2013,80.00,80.00,183.61,60,2,100,400,155.74,Moderate
HALDWANI,10,2013,80.00,80.00,151.17,60,2,100,400,134.11,Moderate
HALDWANI,11,2013,80.00,80.00,161.09,60,2,100,400,140.73,Moderate
HALDWANI,12,2013,80.00,80.00,178.44,60,2,100,400,152.29,Moderate
HALDWANI,1,2014,80.00,80.00,166.49,60,2,100,400,144.33,Moderate
HALDWANI,2,2014,80.00,80.00,160.99,60,2,100,400,140.66,Moderate
HALDWANI,3,2014,80.00,80.00,151.94,60,2,100,400,134.63,Moderate
HALDWANI,4,2014,80.00,80.00,158.62,60,2,100,400,139.08,Moderate
HALDWANI,5,2014,80.00,80.00,138.82,60,2,100,400,125.88,Moderate
HALDWANI,6,2014,80.00,80.00,143.27,60,2,100,400,128.85,Moderate
HALDWANI,7,2014,80.00,80.00,161.46,60,2,100,400,140.97,Moderate
HALDWANI,8,2014,80.00,80.00,149.54,60,2,100,400,133.03,Moderate
HALDWANI,9,2014,80.00,80.00,149.77,60,2,100,400,133.18,Moderate
HALDWANI,10,2014,80.00,80.00,144.62,60,2,100,400,129.75,Moderate
HALDWANI,11,2014,80.00,80.00,126.17,60,2,100,400,117.45,Moderate
HALDWANI,12,2014,80.00,80.00,141.74,60,2,100,400,127.83,Moderate
HALDWANI,1,2015,80.00,80.00,147.00,60,2,100,400,131.33,Moderate
HALDWANI,2,2015,80.00,80.00,144.00,60,2,100,400,129.33,Moderate
HALDWANI,3,2015,80.00,80.00,144.46,60,2,100,400,129.64,Moderate
HALDWANI,4,2015,80.00,80.00,160.79,60,2,100,400,140.53,Moderate
HALDWANI,5,2015,80.00,80.00,145.79,60,2,100,400,130.53,Moderate
HALDWANI,6,2015,80.00,80.00,131.83,60,2,100,400,121.22,Moderate
HALDWANI,7,2015,80.00,80.00,133.23,60,2,100,400,122.15,Moderate
HALDWANI,8,2015,80.00,80.00,121.63,60,2,100,400,114.42,Moderate
HALDWANI,9,2015,80.00,80.00,131.55,60,2,100,400,121.03,Moderate
HALDWANI,10,2015,80.00,80.00,134.54,60,2,100,400,123.03,Moderate
HALDWANI,11,2015,80.00,80.00,142.57,60,2,100,400,128.38,Moderate
HALDWANI,12,2015,80.00,80.00,129.36,60,2,100,400,119.57,Moderate
HALDWANI,1,2016,80.00,80.00,130.78,60,2,100,400,120.52,Moderate
HALDWANI,2,2016,80.00,80.00,137.33,60,2,100,400,124.89,Moderate
HALDWANI,3,2016,80.00,80.00,129.93,60,2,100,400,119.95,Moderate
HALDWANI,4,2016,80.00,80.00,137.96,60,2,100,400,125.31,Moderate
HALDWANI,5,2016,80.00,80.00,134.69,60,2,100,400,123.13,Moderate
HALDWANI,6,2016,80.00,80.00,127.96,60,2,100,400,118.64,Moderate
HALDWANI,7,2016,80.00,80.00,109.70,60,2,100,400,106.47,Moderate
HALDWANI,8,2016,80.00,80.00,119.49,60,2,100,400,112.99,Moderate
HALDWANI,9,2016,80.00,80.00,122.91,60,2,100,400,115.27,Moderate
HALDWANI,10,2016,80.00,80.00,135.02,60,2,100,400,123.35,Moderate
HALDWANI,11,2016,80.00,80.00,126.83,60,2,100,400,117.89,Moderate
HALDWANI,12,2016,80.00,80.00,146.16,60,2,100,400,130.77,Moderate
HALDWANI,1,2017,80.00,80.00,132.40,60,2,100,400,121.60,Moderate
HALDWANI,2,2017,80.00,80.00,130.78,60,2,100,400,120.52,Moderate
HALDWANI,3,2017,80.00,80.00,129.41,60,2,100,400,119.61,Moderate
HALDWANI,4,2017,80.00,80.00,129.92,60,2,100,400,119.95,Moderate
HALDWANI,5,2017,80.00,80.00,130.68,60,2,100,400,120.45,Moderate
HALDWANI,6,2017,80.00,80.00,132.02,60,2,100,400,121.35,Moderate
HALDWANI,7,2017,80.00,80.00,118.75,60,2,100,400,112.50,Moderate
HALDWANI,8,2017,80.00,80.00,123.43,60,2,100,400,115.62,Moderate
HALDWANI,9,2017,80.00,80.00,69.86,60,2,100,400,100.00,Moderate
HALDWANI,10,2017,80.00,80.00,139.97,60,2,100,400,126.65,Moderate
HALDWANI,11,2017,80.00,80.00,128.56,60,2,100,400,119.04,Moderate
HALDWANI,12,2017,80.00,80.00,131.07,60,2,100,400,120.71,Moderate
HALDWANI,1,2018,11.66,23.79,129.89,206.95,2,100,400,366.88,Very Poor
HALDWANI,2,2018,11.69,23.67,130.37,213.22,2,100,400,371.71,Very Poor
HALDWANI,3,2018,11.73,23.70,132.27,219.3,2,100,400,376.38,Very Poor
HALDWANI,4,2018,11.90,23.74,131.22,216.6,2,100,400,374.31,Very Poor
HALDWANI,5,2018,11.61,23.36,128.48,212.86,2,100,400,371.43,Very Poor
HALDWANI,6,2018,11.33,23.30,128.14,208.83,2,100,400,368.33,Very Poor
HALDWANI,7,2018,11.35,23.01,125.28,196.92,2,100,400,359.17,Very Poor
HALDWANI,8,2018,11.64,22.42,119.34,188.63,2,100,400,352.79,Very Poor
HALDWANI,9,2018,11.03,22.85,124.71,191.15,2,100,400,354.73,Very Poor
HALDWANI,10,2018,12.30,21.42,123.80,189.91,2,100,400,353.78,Very Poor
HALDWANI,11,2018,8.65,22.06,119.23,186.08,2,100,400,350.83,Very Poor
HALDWANI,12,2018,11.38,21.99,118.37,185.37,2,100,400,350.28,Very Poor
HALDWANI,1,2019,8.32,22.62,117.30,184.06,2,100,400,349.28,Very Poor
HALDWANI,2,2019,7.66,25.45,108.68,174.76,2,100,400,342.12,Very Poor
HALDWANI,3,2019,6.94,26.43,107.43,173.55,2,100,400,341.19,Very Poor
HALDWANI,4,2019,6.45,29.44,107.43,174.36,2,100,400,341.82,Very Poor
HALDWANI,5,2019,6.55,29.83,107.94,174.5,2,100,400,341.92,Very Poor
HALDWANI,6,2019,7.60,30.82,108.81,175.48,2,100,400,342.68,Very Poor
HALDWANI,7,2019,6.44,28.96,104.27,168.25,2,100,400,337.12,Very Poor
HALDWANI,8,2019,6.50,29.73,104.67,175.5,2,100,400,342.69,Very Poor
HALDWANI,9,2019,6.50,29.73,109.06,175.5,2,100,400,342.69,Very Poor
HALDWANI,10,2019,11.77,30.01,128.07,195.45,2,100,400,358.04,Very Poor
HALDWANI,11,2019,8.12,26.12,112.32,178.5,2,100,400,345.00,Very Poor
HALDWANI,12,2019,7.99,28.07,114.89,181.41,2,100,400,347.24,Very Poor
HALDWANI,1,2020,7.06,26.45,108.70,174.38,2,100,400,341.83,Very Poor
HALDWANI,2,2020,7.98,29.44,111.29,176.87,2,100,400,343.75,Very Poor
HALDWANI,3,2020,7.23,27.46,109.01,174.76,2,100,400,342.12,Very Poor
HALDWANI,4,2020,5.06,16.61,68.66,135.27,2,100,400,311.75,Very Poor
HALDWANI,5,2020,5.93,23.71,92.01,155.95,2,100,400,327.65,Very Poor
HALDWANI,6,2020,6.23,25.87,106.32,172.58,2,100,400,340.45,Very Poor
HALDWANI,7,2020,6.02,24.94,105.89,171.38,2,100,400,339.52,Very Poor
HALDWANI,8,2020,6.74,26.02,110.74,177.32,2,100,400,344.09,Very Poor
HALDWANI,9,2020,6.97,26.61,109.06,173.71,2,100,400,341.32,Very Poor
HALDWANI,10,2020,7.29,27.59,114.05,180.22,2,100,400,346.32,Very Poor
HALDWANI,11,2020,12.13,26.73,135.69,202.81,2,100,400,363.70,Very Poor
HALDWANI,12,2020,8.50,24.62,118.77,185.1,2,100,400,350.08,Very Poor
HALDWANI,1,2021,8.02,26.13,117.86,60,2,100,400,111.91,Moderate
HALDWANI,2,2021,8.17,27.57,117.04,60,2,100,400,111.36,Moderate
HALDWANI,3,2021,8.25,27.84,116.26,60,2,100,400,110.84,Moderate
HALDWANI,4,2021,80.00,80.00,100.00,60,2,100,400,100.00,Satisfactory
HALDWANI,5,2021,80.00,80.00,100.00,60,2,100,400,100.00,Satisfactory
HALDWANI,6,2021,80.00,80.00,100.00,60,2,100,400,100.00,Satisfactory
HALDWANI,7,2021,80.00,80.00,100.00,60,2,100,400,100.00,Satisfactory
HALDWANI,8,2021,80.00,80.00,100.00,60,2,100,400,100.00,Satisfactory
HALDWANI,9,2021,80.00,80.00,100.00,60,2,100,400,100.00,Satisfactory
HALDWANI,10,2021,80.00,80.00,100.00,60,2,100,400,100.00,Satisfactory
HALDWANI,11,2021,80.00,80.00,100.00,60,2,100,400,100.00,Satisfactory
HALDWANI,12,2021,80.00,80.00,100.00,60,2,100,400,100.00,Satisfactory
KASHIPUR,1,2012,80.00,80.00,233.92,60,2,100,400,189.28,Moderate
KASHIPUR,2,2012,80.00,80.00,270.95,60,2,100,400,220.95,Poor
KASHIPUR,3,2012,80.00,80.00,245.33,60,2,100,400,196.89,Moderate
KASHIPUR,4,2012,80.00,80.00,185.77,402,2,100,400,516.92,Severe
KASHIPUR,5,2012,80.00,80.00,270.33,452.92,2,100,400,556.09,Severe
KASHIPUR,6,2012,80.00,80.00,194.92,377.82,2,100,400,498.32,Severe
KASHIPUR,7,2012,80.00,80.00,79.17,318.41,2,100,400,452.62,Severe
KASHIPUR,8,2012,80.00,80.00,70.96,249.65,2,100,400,399.73,Very Poor
KASHIPUR,9,2012,80.00,80.00,73.13,233.31,2,100,400,387.16,Very Poor
KASHIPUR,10,2012,80.00,80.00,113.00,197.24,2,100,400,359.42,Very Poor
KASHIPUR,11,2012,80.00,80.00,170.05,241.6,2,100,400,393.54,Very Poor
KASHIPUR,12,2012,80.00,80.00,190.30,269.55,2,100,400,415.04,Severe
KASHIPUR,1,2013,80.00,80.00,100.00,60,2,100,400,100.00,Satisfactory
KASHIPUR,2,2013,80.00,80.00,100.00,60,2,100,400,100.00,Satisfactory
KASHIPUR,3,2013,80.00,80.00,100.00,60,2,100,400,100.00,Satisfactory
KASHIPUR,4,2013,80.00,80.00,128.33,60,2,100,400,118.89,Moderate
KASHIPUR,5,2013,80.00,80.00,171.14,60,2,100,400,147.43,Moderate
KASHIPUR,6,2013,80.00,80.00,186.30,60,2,100,400,157.53,Moderate
KASHIPUR,7,2013,80.00,80.00,153.03,60,2,100,400,135.35,Moderate
KASHIPUR,8,2013,80.00,80.00,128.74,60,2,100,400,119.16,Moderate
KASHIPUR,9,2013,80.00,80.00,106.45,60,2,100,400,104.30,Moderate
KASHIPUR,10,2013,80.00,80.00,93.32,60,2,100,400,100.00,Satisfactory
KASHIPUR,11,2013,80.00,80.00,141.79,60,2,100,400,127.86,Moderate
KASHIPUR,12,2013,80.00,80.00,147.45,60,2,100,400,131.63,Moderate
KASHIPUR,1,2014,80.00,80.00,169.56,60,2,100,400,146.37,Moderate
KASHIPUR,2,2014,80.00,80.00,126.34,60,2,100,400,117.56,Moderate
KASHIPUR,3,2014,80.00,80.00,121.29,60,2,100,400,114.19,Moderate
KASHIPUR,4,2014,80.00,80.00,117.51,60,2,100,400,111.67,Moderate
KASHIPUR,5,2014,80.00,80.00,114.48,60,2,100,400,109.65,Moderate
KASHIPUR,6,2014,80.00,80.00,111.85,60,2,100,400,107.90,Moderate
KASHIPUR,7,2014,80.00,80.00,88.24,60,2,100,400,100.00,Satisfactory
KASHIPUR,8,2014,80.00,80.00,86.67,60,2,100,400,100.00,Satisfactory
KASHIPUR,9,2014,80.00,80.00,62.89,60,2,100,400,100.00,Satisfactory
KASHIPUR,10,2014,80.00,80.00,106.19,60,2,100,400,104.13,Moderate
KASHIPUR,11,2014,80.00,80.00,138.93,60,2,100,400,125.95,Moderate
KASHIPUR,12,2014,80.00,80.00,200.09,60,2,100,400,166.73,Moderate
KASHIPUR,1,2015,80.00,80.00,164.08,60,2,100,400,142.72,Moderate
KASHIPUR,2,2015,80.00,80.00,120.68,60,2,100,400,113.79,Moderate
KASHIPUR,3,2015,80.00,80.00,107.28,60,2,100,400,104.85,Moderate
KASHIPUR,4,2015,80.00,80.00,118.96,60,2,100,400,112.64,Moderate
KASHIPUR,5,2015,80.00,80.00,129.26,60,2,100,400,119.51,Moderate
KASHIPUR,6,2015,80.00,80.00,118.61,60,2,100,400,112.41,Moderate
KASHIPUR,7,2015,80.00,80.00,63.49,60,2,100,400,100.00,Satisfactory
KASHIPUR,8,2015,80.00,80.00,68.68,60,2,100,400,100.00,Satisfactory
KASHIPUR,9,2015,80.00,80.00,78.15,60,2,100,400,100.00,Satisfactory
KASHIPUR,10,2015,80.00,80.00,117.88,60,2,100,400,111.92,Moderate
KASHIPUR,11,2015,80.00,80.00,141.95,60,2,100,400,127.97,Moderate
KASHIPUR,12,2015,80.00,80.00,137.68,60,2,100,400,125.12,Moderate
KASHIPUR,1,2016,80.00,80.00,150.75,60,2,100,400,133.83,Moderate
KASHIPUR,2,2016,80.00,80.00,160.67,60,2,100,400,140.45,Moderate
KASHIPUR,3,2016,80.00,80.00,134.52,60,2,100,400,123.01,Moderate
KASHIPUR,4,2016,80.00,80.00,147.05,60,2,100,400,131.37,Moderate
KASHIPUR,5,2016,80.00,80.00,120.57,60,2,100,400,113.71,Moderate
KASHIPUR,6,2016,80.00,80.00,94.00,60,2,100,400,100.00,Satisfactory
KASHIPUR,7,2016,80.00,80.00,86.85,60,2,100,400,100.00,Satisfactory
KASHIPUR,8,2016,80.00,80.00,76.62,60,2,100,400,100.00,Satisfactory
KASHIPUR,9,2016,80.00,80.00,91.62,60,2,100,400,100.00,Satisfactory
KASHIPUR,10,2016,80.00,80.00,109.52,60,2,100,400,106.35,Moderate
KASHIPUR,11,2016,80.00,80.00,153.16,60,2,100,400,135.44,Moderate
KASHIPUR,12,2016,80.00,80.00,127.61,60,2,100,400,118.41,Moderate
KASHIPUR,1,2017,80.00,80.00,161.82,60,2,100,400,141.21,Moderate
KASHIPUR,2,2017,80.00,80.00,122.46,60,2,100,400,114.97,Moderate
KASHIPUR,3,2017,80.00,80.00,132.05,60,2,100,400,121.37,Moderate
KASHIPUR,4,2017,80.00,80.00,130.35,60,2,100,400,120.23,Moderate
KASHIPUR,5,2017,80.00,80.00,124.47,60,2,100,400,116.31,Moderate
KASHIPUR,6,2017,80.00,80.00,102.76,60,2,100,400,101.84,Moderate
KASHIPUR,7,2017,80.00,80.00,86.49,60,2,100,400,100.00,Satisfactory
KASHIPUR,8,2017,80.00,80.00,71.52,60,2,100,400,100.00,Satisfactory
KASHIPUR,9,2017,80.00,80.00,126.88,60,2,100,400,117.92,Moderate
KASHIPUR,10,2017,80.00,80.00,91.69,60,2,100,400,100.00,Satisfactory
KASHIPUR,11,2017,80.00,80.00,128.22,60,2,100,400,118.81,Moderate
KASHIPUR,12,2017,80.00,80.00,106.91,60,2,100,400,104.61,Moderate
KASHIPUR,1,2018,80.00,80.00,70.15,165.03,2,100,400,334.64,Very Poor
KASHIPUR,2,2018,80.00,80.00,96.26,203.52,2,100,400,364.25,Very Poor
KASHIPUR,3,2018,80.00,80.00,113.54,218.61,2,100,400,375.85,Very Poor
KASHIPUR,4,2018,80.00,80.00,90.81,60,2,100,400,100.00,Satisfactory
KASHIPUR,5,2018,80.00,80.00,121.50,253.76,2,100,400,402.89,Severe
KASHIPUR,6,2018,80.00,80.00,141.06,295.84,2,100,400,435.26,Severe
KASHIPUR,7,2018,80.00,80.00,100.69,207.67,2,100,400,367.44,Very Poor
KASHIPUR,8,2018,80.00,80.00,103.08,203.25,2,100,400,364.04,Very Poor
KASHIPUR,9,2018,80.00,80.00,103.70,197.31,2,100,400,359.47,Very Poor
KASHIPUR,10,2018,80.00,80.00,100.34,173.43,2,100,400,341.10,Very Poor
KASHIPUR,11,2018,80.00,80.00,120.14,215.16,2,100,400,373.20,Very Poor
KASHIPUR,12,2018,80.00,80.00,108.45,196.98,2,100,400,359.22,Very Poor
KASHIPUR,1,2019,13.46,22.54,115.44,203.95,2,100,400,364.58,Very Poor
KASHIPUR,2,2019,13.60,22.25,113.16,202.73,2,100,400,363.64,Very Poor
KASHIPUR,3,2019,13.27,22.52,124.48,219.96,2,100,400,376.89,Very Poor
KASHIPUR,4,2019,13.45,22.35,115.78,210.32,2,100,400,369.48,Very Poor
KASHIPUR,5,2019,13.72,22.72,124.58,221.55,2,100,400,378.12,Very Poor
KASHIPUR,6,2019,13.72,22.72,126.46,226.34,2,100,400,381.80,Very Poor
KASHIPUR,7,2019,13.50,22.64,128.90,223.85,2,100,400,379.88,Very Poor
KASHIPUR,8,2019,13.53,22.52,123.67,224.6,2,100,400,380.46,Very Poor
KASHIPUR,9,2019,13.45,22.41,123.50,217.69,2,100,400,375.15,Very Poor
KASHIPUR,10,2019,14.72,23.68,151.47,248.1,2,100,400,398.54,Very Poor
KASHIPUR,11,2019,13.46,22.38,141.49,232.39,2,100,400,386.45,Very Poor
KASHIPUR,12,2019,13.10,22.52,125.35,210.26,2,100,400,369.43,Very Poor
KASHIPUR,1,2020,13.34,22.54,123.78,205.08,2,100,400,365.45,Very Poor
KASHIPUR,2,2020,13.27,22.56,124.60,212.3,2,100,400,371.00,Very Poor
KASHIPUR,3,2020,13.34,22.52,129.32,212.09,2,100,400,370.84,Very Poor
KASHIPUR,4,2020,8.70,13.15,76.30,106.56,2,100,400,255.20,Poor
KASHIPUR,5,2020,10.32,14.63,103.95,184.37,2,100,400,349.52,Very Poor
KASHIPUR,6,2020,11.20,14.58,114.32,192.4,2,100,400,355.69,Very Poor
KASHIPUR,7,2020,11.63,14.73,114.06,190.86,2,100,400,354.51,Very Poor
KASHIPUR,8,2020,80.00,80.00,100.00,60,2,100,400,100.00,Satisfactory
KASHIPUR,9,2020,11.81,14.91,120.23,203.79,2,100,400,364.45,Very Poor
KASHIPUR,10,2020,11.81,14.93,119.34,201.82,2,100,400,362.94,Very Poor
KASHIPUR,11,2020,15.32,26.02,143.45,233.79,2,100,400,387.53,Very Poor
KASHIPUR,12,2020,16.52,25.85,120.98,198.12,2,100,400,360.09,Very Poor
KASHIPUR,1,2021,18.04,26.22,119.93,203.82,2,100,400,364.48,Very Poor
KASHIPUR,2,2021,18.74,22.78,125.14,210.8,2,100,400,369.85,Very Poor
KASHIPUR,3,2021,19.09,22.83,121.37,208.92,2,100,400,368.40,Very Poor
KASHIPUR,4,2021,18.83,21.76,115.70,197.04,2,100,400,359.26,Very Poor
KASHIPUR,5,2021,18.30,22.16,122.40,206.83,2,100,400,366.79,Very Poor
KASHIPUR,6,2021,18.22,21.59,123.85,209.96,2,100,400,369.20,Very Poor
KASHIPUR,7,2021,18.30,21.87,125.29,211.09,2,100,400,370.07,Very Poor
KASHIPUR,8,2021,17.57,21.23,118.61,188.88,2,100,400,352.98,Very Poor
KASHIPUR,9,2021,14.59,17.74,83.40,142.22,2,100,400,317.09,Very Poor
KASHIPUR,10,2021,80.00,80.00,100.00,60,2,100,400,100.00,Satisfactory
KASHIPUR,11,2021,80.00,80.00,100.00,60,2,100,400,100.00,Satisfactory
KASHIPUR,12,2021,80.00,80.00,100.00,60,2,100,400,100.00,Satisfactory
RUDRAPUR,1,2012,80.00,80.00,156.33,60,2,100,400,137.55,Moderate
RUDRAPUR,2,2012,80.00,80.00,185.16,60,2,100,400,156.77,Moderate
RUDRAPUR,3,2012,80.00,80.00,139.12,60,2,100,400,126.08,Moderate
RUDRAPUR,4,2012,80.00,80.00,140.99,262.17,2,100,400,409.36,Severe
RUDRAPUR,5,2012,80.00,80.00,298.95,327.54,2,100,400,459.65,Severe
RUDRAPUR,6,2012,80.00,80.00,222.36,309.56,2,100,400,445.82,Severe
RUDRAPUR,7,2012,80.00,80.00,125.73,178.12,2,100,400,344.71,Very Poor
RUDRAPUR,8,2012,80.00,80.00,67.79,201.93,2,100,400,363.02,Very Poor
RUDRAPUR,9,2012,80.00,80.00,76.84,200.36,2,100,400,361.82,Very Poor
RUDRAPUR,10,2012,80.00,80.00,152.76,291.58,2,100,400,431.98,Severe
RUDRAPUR,11,2012,80.00,80.00,183.18,291.9,2,100,400,432.23,Severe
RUDRAPUR,12,2012,80.00,80.00,235.59,294.63,2,100,400,434.33,Severe
RUDRAPUR,1,2013,80.00,80.00,100.00,60,2,100,400,100.00,Satisfactory
RUDRAPUR,2,2013,80.00,80.00,100.00,60,2,100,400,100.00,Satisfactory
RUDRAPUR,3,2013,80.00,80.00,100.00,60,2,100,400,100.00,Satisfactory
RUDRAPUR,4,2013,80.00,80.00,121.47,60,2,100,400,114.31,Moderate
RUDRAPUR,5,2013,80.00,80.00,163.28,60,2,100,400,142.19,Moderate
RUDRAPUR,6,2013,80.00,80.00,154.43,60,2,100,400,136.29,Moderate
RUDRAPUR,7,2013,80.00,80.00,82.28,60,2,100,400,100.00,Satisfactory
RUDRAPUR,8,2013,80.00,80.00,92.43,60,2,100,400,100.00,Satisfactory
RUDRAPUR,9,2013,80.00,80.00,103.73,60,2,100,400,102.49,Moderate
RUDRAPUR,10,2013,80.00,80.00,167.53,60,2,100,400,145.02,Moderate
RUDRAPUR,11,2013,80.00,80.00,168.79,60,2,100,400,145.86,Moderate
RUDRAPUR,12,2013,80.00,80.00,197.89,60,2,100,400,165.26,Moderate
RUDRAPUR,1,2014,80.00,80.00,201.63,60,2,100,400,167.75,Moderate
RUDRAPUR,2,2014,80.00,80.00,129.48,60,2,100,400,119.66,Moderate
RUDRAPUR,3,2014,80.00,80.00,123.70,60,2,100,400,115.80,Moderate
RUDRAPUR,4,2014,80.00,80.00,156.62,60,2,100,400,137.75,Moderate
RUDRAPUR,5,2014,80.00,80.00,172.62,60,2,100,400,148.41,Moderate
RUDRAPUR,6,2014,80.00,80.00,133.28,60,2,100,400,122.19,Moderate
RUDRAPUR,7,2014,80.00,80.00,93.19,60,2,100,400,100.00,Satisfactory
RUDRAPUR,8,2014,80.00,80.00,97.05,60,2,100,400,100.00,Satisfactory
RUDRAPUR,9,2014,80.00,80.00,62.89,60,2,100,400,100.00,Satisfactory
RUDRAPUR,10,2014,80.00,80.00,108.64,60,2,100,400,105.76,Moderate
RUDRAPUR,11,2014,80.00,80.00,183.99,60,2,100,400,155.99,Moderate
RUDRAPUR,12,2014,80.00,80.00,160.47,60,2,100,400,140.31,Moderate
RUDRAPUR,1,2015,80.00,80.00,128.19,60,2,100,400,118.79,Moderate
RUDRAPUR,2,2015,80.00,80.00,137.15,60,2,100,400,124.77,Moderate
RUDRAPUR,3,2015,80.00,80.00,118.00,60,2,100,400,112.00,Moderate
RUDRAPUR,4,2015,80.00,80.00,161.57,60,2,100,400,141.05,Moderate
RUDRAPUR,5,2015,80.00,80.00,128.88,60,2,100,400,119.25,Moderate
RUDRAPUR,6,2015,80.00,80.00,147.54,60,2,100,400,131.69,Moderate
RUDRAPUR,7,2015,80.00,80.00,74.33,60,2,100,400,100.00,Satisfactory
RUDRAPUR,8,2015,80.00,80.00,82.76,60,2,100,400,100.00,Satisfactory
RUDRAPUR,9,2015,80.00,80.00,109.07,60,2,100,400,106.05,Moderate
RUDRAPUR,10,2015,80.00,80.00,116.36,60,2,100,400,110.91,Moderate
RUDRAPUR,11,2015,80.00,80.00,147.01,60,2,100,400,131.34,Moderate
RUDRAPUR,12,2015,80.00,80.00,134.74,60,2,100,400,123.16,Moderate
RUDRAPUR,1,2016,80.00,80.00,167.35,60,2,100,400,144.90,Moderate
RUDRAPUR,2,2016,80.00,80.00,151.87,60,2,100,400,134.58,Moderate
RUDRAPUR,3,2016,80.00,80.00,128.05,60,2,100,400,118.70,Moderate
RUDRAPUR,4,2016,80.00,80.00,157.51,60,2,100,400,138.34,Moderate
RUDRAPUR,5,2016,80.00,80.00,119.49,60,2,100,400,112.99,Moderate
RUDRAPUR,6,2016,80.00,80.00,125.54,60,2,100,400,117.03,Moderate
RUDRAPUR,7,2016,80.00,80.00,93.30,60,2,100,400,100.00,Satisfactory
RUDRAPUR,8,2016,80.00,80.00,75.00,60,2,100,400,100.00,Satisfactory
RUDRAPUR,9,2016,80.00,80.00,92.88,60,2,100,400,100.00,Satisfactory
RUDRAPUR,10,2016,80.00,80.00,172.24,60,2,100,400,148.16,Moderate
RUDRAPUR,11,2016,80.00,80.00,227.48,60,2,100,400,184.99,Moderate
RUDRAPUR,12,2016,80.00,80.00,193.33,60,2,100,400,162.22,Moderate
RUDRAPUR,1,2017,80.00,80.00,185.92,60,2,100,400,157.28,Moderate
RUDRAPUR,2,2017,80.00,80.00,146.36,60,2,100,400,130.91,Moderate
RUDRAPUR,3,2017,80.00,80.00,162.05,60,2,100,400,141.37,Moderate
RUDRAPUR,4,2017,80.00,80.00,143.81,60,2,100,400,129.21,Moderate
RUDRAPUR,5,2017,80.00,80.00,131.13,60,2,100,400,120.75,Moderate
RUDRAPUR,6,2017,80.00,80.00,116.83,60,2,100,400,111.22,Moderate
RUDRAPUR,7,2017,80.00,80.00,73.21,60,2,100,400,100.00,Satisfactory
RUDRAPUR,8,2017,80.00,80.00,105.83,60,2,100,400,103.89,Moderate
RUDRAPUR,9,2017,80.00,80.00,112.18,60,2,100,400,108.12,Moderate
RUDRAPUR,10,2017,80.00,80.00,103.03,60,2,100,400,102.02,Moderate
RUDRAPUR,11,2017,80.00,80.00,104.51,60,2,100,400,103.01,Moderate
RUDRAPUR,12,2017,80.00,80.00,107.76,60,2,100,400,105.17,Moderate
RUDRAPUR,1,2018,80.00,80.00,108.15,207.3,2,100,400,367.15,Very Poor
RUDRAPUR,2,2018,80.00,80.00,107.79,208.81,2,100,400,368.32,Very Poor
RUDRAPUR,3,2018,80.00,80.00,113.54,218.68,2,100,400,375.91,Very Poor
RUDRAPUR,4,2018,80.00,80.00,116.49,227.03,2,100,400,382.33,Very Poor
RUDRAPUR,5,2018,80.00,80.00,120.13,234,2,100,400,387.69,Very Poor
RUDRAPUR,6,2018,80.00,80.00,146.12,268.5,2,100,400,414.23,Severe
RUDRAPUR,7,2018,80.00,80.00,123.33,236.96,2,100,400,389.97,Very Poor
RUDRAPUR,8,2018,80.00,80.00,115.99,207.54,2,100,400,367.34,Very Poor
RUDRAPUR,9,2018,80.00,80.00,109.61,208.32,2,100,400,367.94,Very Poor
RUDRAPUR,10,2018,80.00,80.00,120.50,223.67,2,100,400,379.75,Very Poor
RUDRAPUR,11,2018,80.00,80.00,129.26,235.16,2,100,400,388.58,Very Poor
RUDRAPUR,12,2018,80.00,80.00,118.09,219.78,2,100,400,376.75,Very Poor
RUDRAPUR,1,2019,13.28,22.52,118.14,217.3,2,100,400,374.85,Very Poor
RUDRAPUR,2,2019,13.42,22.86,118.61,213.77,2,100,400,372.13,Very Poor
RUDRAPUR,3,2019,13.43,22.86,125.50,227.94,2,100,400,383.03,Very Poor
RUDRAPUR,4,2019,13.44,22.35,126.69,224.97,2,100,400,380.75,Very Poor
RUDRAPUR,5,2019,13.62,22.73,131.10,234.21,2,100,400,387.85,Very Poor
RUDRAPUR,6,2019,13.73,22.88,127.26,228.15,2,100,400,383.19,Very Poor
RUDRAPUR,7,2019,13.54,22.40,127.23,223.49,2,100,400,379.61,Very Poor
RUDRAPUR,8,2019,13.65,22.57,125.45,228.42,2,100,400,383.40,Very Poor
RUDRAPUR,9,2019,13.69,22.61,118.46,220.51,2,100,400,377.32,Very Poor
RUDRAPUR,10,2019,15.02,23.43,164.08,267.35,2,100,400,413.35,Severe
RUDRAPUR,11,2019,13.37,22.26,142.82,235.42,2,100,400,388.78,Very Poor
RUDRAPUR,12,2019,13.17,22.39,124.16,210.49,2,100,400,369.61,Very Poor
RUDRAPUR,1,2020,13.32,22.39,121.09,212.51,2,100,400,371.16,Very Poor
RUDRAPUR,2,2020,13.23,22.42,125.46,221.53,2,100,400,378.10,Very Poor
RUDRAPUR,3,2020,13.13,22.05,127.08,224.87,2,100,400,380.67,Very Poor
RUDRAPUR,4,2020,8.64,13.44,75.30,206.77,2,100,400,366.75,Very Poor
RUDRAPUR,5,2020,5.06,16.61,68.66,216.79,2,100,400,374.45,Very Poor
RUDRAPUR,6,2020,10.97,14.55,116.80,215.94,2,100,400,373.80,Very Poor
RUDRAPUR,7,2020,11.64,15.01,120.46,219.17,2,100,400,376.28,Very Poor
RUDRAPUR,8,2020,11.65,15.27,115.91,208.44,2,100,400,368.03,Very Poor
RUDRAPUR,9,2020,11.68,15.12,125.41,153.75,2,100,400,325.96,Very Poor
RUDRAPUR,10,2020,14.52,18.58,119.29,60,2,100,400,112.86,Moderate
RUDRAPUR,11,2020,16.44,21.05,143.13,60,2,100,400,128.75,Moderate
RUDRAPUR,12,2020,17.77,21.83,121.62,60,2,100,400,114.41,Moderate
RUDRAPUR,1,2021,18.84,22.30,123.58,212.51,2,100,400,371.16,Very Poor
RUDRAPUR,2,2021,19.32,22.92,129.12,221.53,2,100,400,378.10,Very Poor
RUDRAPUR,3,2021,19.15,23.31,127.89,224.87,2,100,400,380.67,Very Poor
RUDRAPUR,4,2021,19.20,23.08,122.32,206.77,2,100,400,366.75,Very Poor
RUDRAPUR,5,2021,19.88,23.35,128.85,216.79,2,100,400,374.45,Very Poor
RUDRAPUR,6,2021,20.15,22.68,127.27,215.94,2,100,400,373.80,Very Poor
RUDRAPUR,7,2021,80.00,80.00,129.13,219.17,2,100,400,376.28,Very Poor
RUDRAPUR,8,2021,80.00,80.00,121.28,208.44,2,100,400,368.03,Very Poor
RUDRAPUR,9,2021,18.73,20.93,92.96,153.75,2,100,400,325.96,Very Poor
RUDRAPUR,10,2021,80.00,80.00,100,60,2,100,400,100.00,Satisfactory
RUDRAPUR,11,2021,80.00,80.00,100,60,2,100,400,100.00,Satisfactory
RUDRAPUR,12,2021,80.00,80.00,100,60,2,100,400,100.00,Satisfactory
